SNP_ID,marker_Type,Trait Linked,CHR,POSITION,Allele 1,Allele 2
AG1_1,trait.marker,Anaerobic germination,9,12131957,G,A
AG3_1,trait.marker,Anaerobic germination,7,23251034,C,T
BPH32-01,trait.marker,Insect - Brown planthopper,6,1223332,G,C
BPH9_1,trait.marker,Insect - Brown planthopper,12,22885896,T,C
BPH9_2,trait.marker,Insect - Brown planthopper,12,22886030,A,C
Bph17_1,trait.marker,Insect - Brown planthopper,4,6942449,T,C
Bph17_3,trait.marker,Insect - Brown planthopper,4,6957474,G,A
COLD1-jap,trait.marker,Cold - vegetative,4,30315214,T,A
DTH8-IR24,trait.marker,Heading date,8,4334417,TGTCGAGCTCGCKGTACGA,GTCGAGCTCGCKGTACGAG
DTY1-1_1,trait.marker,Drought - reproductive,1,38081544,G,C
DTY1-1_2,trait.marker,Drought - reproductive,1,38456729,A,C
DTY1-1_3,trait.marker,Drought - reproductive,1,39014751,A,G
DTY1-1_4,trait.marker,Drought - reproductive,1,39610271,G,T
DTY12-1_2,trait.marker,Drought - reproductive,12,17396363,A,G
DTY2-2_1,trait.marker,Drought - reproductive,2,1050171,C,A
DTY2-2_2,trait.marker,Drought - reproductive,2,2542883,T,A
DTY2-2_3,trait.marker,Drought - reproductive,2,4871846,A,G
DTY3-1_2,trait.marker,Drought - reproductive,3,31008659,C,T
DTY3-1_4,trait.marker,Drought - reproductive,3,31323659,C,G
DTY3-2-IR64_1,trait.marker,Drought - reproductive,3,1271431,A,G
DTY3-2-N22_1,trait.marker,Drought - reproductive,3,1272146,T,G
DTY3-2-Swarna_1,trait.marker,Drought - reproductive,3,1270943,G,A
DTY4-1_1,trait.marker,Drought - reproductive,4,175984,T,C
DTY4-1_2,trait.marker,Drought - reproductive,4,914761,C,A
DTY4-1_3,trait.marker,Drought - reproductive,4,1969661,C,T
Dro1,trait.marker,Drought - vegetative,9,16308325,TCTCAGCACT,CTCAGCACT
GLW2-01,trait.marker,Grain size/shape,2,28865724,T,A
GS3,trait.marker,Grain size/shape,3,16733441,T,G
GW5_1,trait.marker,Grain size/shape,5,5361244,C,T
GW5_2,trait.marker,Grain size/shape,5,5361329,A,G
Ghd7-0,trait.marker,Heading date,7,9154664,A,C
Ghd7-2-02,trait.marker,Heading date,7,9152479,C,G
Ghd7-340-01,trait.marker,Heading date,7,9152733,G,T
Ghd7-4,trait.marker,Heading date,7,9152659,T,C
Gm4_1,trait.marker,Insect - Gall midge,8,5353685,A,G
Gm4_2,trait.marker,Insect - Gall midge,8,5426674,T,G
Gm4_3,trait.marker,Insect - Gall midge,8,5466566,A,G
Gm4_4,trait.marker,Insect - Gall midge,8,5591019,C,G
Gn1a_2,trait.marker,Grain number,1,5275049,T,C
Hd1-01,trait.marker,Heading date - Photoperiodicity,6,9325033,C,A
Hd1-N22-01,trait.marker,Heading date - Photoperiodicity,6,9338004,CATCAATGGAGCGTA,TTCATCAATGAGCGG
Hd1-N22-02,trait.marker,Heading date - Photoperiodicity,6,9338068,A,C
Hd3a-340-01,trait.marker,Heading date,6,2941965,T,A
IRGSP1_C01_2124430,purity.marker,-,1,2124430,G,T
IRGSP1_C01_22891448,purity.marker,-,1,22891448,C,T
IRGSP1_C01_23735018,purity.marker,-,1,23735018,A,G
IRGSP1_C02_23246863,purity.marker,-,2,23246863,C,T
IRGSP1_C02_34852782,purity.marker,-,2,34852782,C,T
IRGSP1_C02_4549475,purity.marker,-,2,4549475,A,T
IRGSP1_C03_14933451,purity.marker,-,3,14933451,A,G
IRGSP1_C03_7752789,purity.marker,-,3,7752789,A,G
IRGSP1_C04_4319691,purity.marker,-,4,4319691,C,T
IRGSP1_C04_602842,purity.marker,-,4,602842,G,T
IRGSP1_C05_13854594,purity.marker,-,5,13854594,C,T
IRGSP1_C05_16102191,purity.marker,-,5,16102191,T,G
IRGSP1_C07_16037152,purity.marker,-,7,16037152,A,C
IRGSP1_C07_18133844,purity.marker,-,7,18133844,G,A
IRGSP1_C08_10441781,purity.marker,-,8,10441781,C,T
IRGSP1_C08_24853648,purity.marker,-,8,24853648,A,G
IRGSP1_C08_27133000,purity.marker,-,8,27133000,C,T
IRGSP1_C09_11826013,purity.marker,-,9,11826013,G,A
IRGSP1_C09_6205891,purity.marker,-,9,6205891,A,G
IRGSP1_C10_4003666,purity.marker,-,10,4003666,G,T
IRGSP1_C11_22303236,purity.marker,-,11,22303236,A,G
IRGSP1_C11_26573524,purity.marker,-,11,26573524,A,C
IRGSP1_C11_27571141,purity.marker,-,11,27571141,G,T
IRGSP1_C12_15966147,purity.marker,-,12,15966147,G,T
LOX3-01,trait.marker,Spoilage,3,28093193,T,C
MSU7_11_26378164_[C/G],trait.marker,Virus - Rice Yellow Mottle Virus,11,26378164,C,G
MSU7_1_40072881_[A/G],trait.marker,Virus - Rice Yellow Mottle Virus,1,40072881,A,G
MSU7_1_8586905_[C/T],trait.marker,#N/A,1,8586905,C,T
MSU7_4_24948145_[G/A],trait.marker,Virus - Rice Yellow Mottle Virus,4,24948145,G,A
NAL1,trait.marker,Yield,4,31212801,A,G
NAS3_2,trait.marker,Zinc,7,29281096,C,A
PGC8-2,trait.marker,Chalk,8,25894130,G,A
PPKL1-01,trait.marker,Grain size/shape,3,25046741,T,G
PRR37-1a,trait.marker,Heading date,7,29627357,-,GAACGTTG
PRR37-1b_Y704H,trait.marker,Heading date,7,29628481,C,T
PRR37-1c_Q705Stop,trait.marker,Heading date,7,29628484,T,C
PRR37-2a,trait.marker,Heading date,7,29623803,A,G
PRR37-2a_L710P,trait.marker,Heading date,7,29628500,C,T
PRR37-Moro,trait.marker,Heading date,7,29627810,A,G
Pb1_1,trait.marker,Blast - panicle,11,22862467,T,C
Pi2-01,trait.marker,Blast,6,10389352,A,T
Pi2-02,trait.marker,Blast,6,10389633,C,G
Pi33_1,trait.marker,Blast,8,6114723,T,G
Pi33_2,trait.marker,Blast,8,6713163,T,C
Pi33_3,trait.marker,Blast,8,7470867,T,G
Pi35_E1054D,trait.marker,Blast,1,33144288,C,A
Pi9_1,trait.marker,Blast,6,10389610,C,G
Pid2-Digu,trait.marker,Blast,6,17161791,T,C
Pid3-01,trait.marker,Blast,6,13055819,G,A
Pid3-02,trait.marker,Blast,6,13056023,C,A
Pik_1,trait.marker,Blast,11,27983500,T,C
Pikh_1,trait.marker,Blast,11,27987687,T,C
Pikh_2,trait.marker,Blast,11,27984400,G,A
Pikh_indel2,trait.marker,Blast,11,27983800,AAATATTTAAAGAGG,GGTAGGGATGTATAA
R1056S,trait.marker,Blast,1,33144294,T,A
RFT1_E105K-01,trait.marker,Heading date,6,2928178,G,A
RYMV3-01,trait.marker,Virus - Rice Yellow Mottle Virus,11,26377995,C,T
Rf3,trait.marker,Restorer,,,,
SCT1_1,trait.marker,Cold - vegetative,1,39188650,C,T
SCT1_3,trait.marker,Cold - vegetative,1,39553459,T,G
SCT1_4,trait.marker,Cold - vegetative,1,39553546,C,T
SSIIa-3b,trait.marker,Gelatinisation temperature,6,6752888,T,C
SSIIa-Hap4,trait.marker,Gelatinisation temperature,6,6752756,A,G
STV11,trait.marker,Virus - Rice stripe virus,11,17985707,T,A
Saltol-Aro,trait.marker,Salinity - vegetative,1,11462124,T,C
Saltol-Aus,trait.marker,Salinity - vegetative,1,11460344,T,G
Sub1_1,trait.marker,Submergence,9,0,A,G
Sub1_2,trait.marker,Submergence,9,0,T,G
TBV1_2,trait.marker,Virus - Tungro,4,31240651,A,C
TGW6,trait.marker,Grain size/shape,6,25093553,CATCGACTCTC,GCATCGACTCT
TSV1_TKM6,trait.marker,Virus - Tungro,7,22118459,C,T
WA-CMS,trait.marker,Cytoplasmic male sterility,mt,,TGAGGATACGAAAGTTCCCCA,GAGAACAGATTCTCCCATGAG
WFP1,trait.marker,Panicle architecture,8,25275168,T,G
Wx-A-NB,trait.marker,Amylose,6,1768795,G,A
Wx-A-Rc222,trait.marker,Amylose,6,1768998,T,C
Wx-A_group,trait.marker,Amylose,6,1768724,C,T
Wx-int,trait.marker,Amylose,6,1768006,C,A
Wx-op,trait.marker,Amylose,6,1767637,A,G
Xa10-01,trait.marker,Bacterial blight,11,22181432,A,T
Xa10-02,trait.marker,Bacterial blight,11,22181448,T,G
Xa21-02,trait.marker,Bacterial blight,11,21276085,C,T
Xa23_1,trait.marker,Bacterial blight,11,22225387,T,A
Xa23_2,trait.marker,Bacterial blight,11,22225882,G,A
Xa26_1,trait.marker,Bacterial blight,11,28246867,CKCTGTCGATGCAGTATGA,-
Xa4_3,trait.marker,Bacterial blight,11,28124705,C,G
Xa4_4,trait.marker,Bacterial blight,11,27994133,TCCC,GGAG
Xa7_1,trait.marker,Bacterial blight,6,27919547,T,G
Xa7_2,trait.marker,Bacterial blight,6,28011120,G,A
Xa7_3,trait.marker,Bacterial blight,6,28187269,A,G
chr01_1044946,genome.wide,-,1,1044946,A,G
chr01_1175585,genome.wide,-,1,1175585,A,G
chr01_13777831,genome.wide,-,1,13777831,C,T
chr01_1410467,genome.wide,-,1,1410467,C,T
chr01_14375630,genome.wide,-,1,14375630,A,G
chr01_14508449,genome.wide,-,1,14508449,C,T
chr01_1532281,genome.wide,-,1,1532281,A,C
chr01_15393352,genome.wide,-,1,15393352,A,T
chr01_16284866,genome.wide,-,1,16284866,A,G
chr01_17008280,genome.wide,-,1,17008280,A,G
chr01_17426109,genome.wide,-,1,17426109,A,G
chr01_18102213,genome.wide,-,1,18102213,A,G
chr01_18332445,genome.wide,-,1,18332445,G,T
chr01_19308987,genome.wide,-,1,19308987,A,G
chr01_194844,genome.wide,-,1,194844,A,G
chr01_20418175,genome.wide,-,1,20418175,C,T
chr01_20562598,genome.wide,-,1,20562598,A,T
chr01_21011077,genome.wide,-,1,21011077,A,G
chr01_22554065,genome.wide,-,1,22554065,C,T
chr01_2277961,genome.wide,-,1,2277961,C,T
chr01_23091103,genome.wide,-,1,23091103,A,C
chr01_23240729,genome.wide,-,1,23240729,A,G
chr01_23656773,genome.wide,-,1,23656773,A,C
chr01_24050118,genome.wide,-,1,24050118,A,G
chr01_26187514,genome.wide,-,1,26187514,C,T
chr01_27046296,genome.wide,-,1,27046296,G,T
chr01_2726468,genome.wide,-,1,2726468,C,T
chr01_28142020,genome.wide,-,1,28142020,A,T
chr01_2865232,genome.wide,-,1,2865232,C,T
chr01_28826738,genome.wide,-,1,28826738,A,C
chr01_30569798,genome.wide,-,1,30569798,A,G
chr01_32359998,genome.wide,-,1,32359998,G,T
chr01_33472174,genome.wide,-,1,33472174,C,T
chr01_33695501,genome.wide,-,1,33695501,A,T
chr01_33901317,genome.wide,-,1,33901317,G,T
chr01_34201543,genome.wide,-,1,34201543,A,G
chr01_34363755,genome.wide,-,1,34363755,A,C
chr01_34508997,genome.wide,-,1,34508997,C,T
chr01_35259107,genome.wide,-,1,35259107,A,T
chr01_3529691,genome.wide,-,1,3529691,A,G
chr01_35794891,genome.wide,-,1,35794891,C,T
chr01_36150523,genome.wide,-,1,36150523,A,T
chr01_36419842,genome.wide,-,1,36419842,C,G
chr01_37274755,genome.wide,-,1,37274755,C,T
chr01_375814,genome.wide,-,1,375814,G,T
chr01_37680628,genome.wide,-,1,37680628,A,G
chr01_37920337,genome.wide,-,1,37920337,A,T
chr01_38632196,genome.wide,-,1,38632196,A,T
chr01_39955529,genome.wide,-,1,39955529,A,C
chr01_40699488,genome.wide,-,1,40699488,A,G
chr01_41020155,genome.wide,-,1,41020155,C,T
chr01_4167976,genome.wide,-,1,4167976,A,G
chr01_41691238,genome.wide,-,1,41691238,T,A
chr01_42425574,genome.wide,-,1,42425574,A,G
chr01_42877440,genome.wide,-,1,42877440,C,T
chr01_4307004,genome.wide,-,1,4307004,C,T
chr01_43074709,genome.wide,-,1,43074709,G,T
chr01_5064126,genome.wide,-,1,5064126,C,T
chr01_5408523,genome.wide,-,1,5408523,A,G
chr01_6130240,genome.wide,-,1,6130240,G,T
chr01_7068516,genome.wide,-,1,7068516,A,G
chr01_7563923,genome.wide,-,1,7563923,A,G
chr01_9164508,genome.wide,-,1,9164508,A,G
chr01_932866,genome.wide,-,1,932866,A,G
chr02_10555263,genome.wide,-,2,10555263,C,T
chr02_1082416,genome.wide,-,2,1082416,A,G
chr02_11701123,genome.wide,-,2,11701123,A,G
chr02_1380527,genome.wide,-,2,1380527,A,G
chr02_13962476,genome.wide,-,2,13962476,A,T
chr02_16464872,genome.wide,-,2,16464872,C,T
chr02_1660713,genome.wide,-,2,1660713,C,T
chr02_16919033,genome.wide,-,2,16919033,A,G
chr02_17160895,genome.wide,-,2,17160895,C,T
chr02_18370293,genome.wide,-,2,18370293,A,G
chr02_18811812,genome.wide,-,2,18811812,G,T
chr02_19981768,genome.wide,-,2,19981768,A,G
chr02_2008370,genome.wide,-,2,2008370,C,T
chr02_20145859,genome.wide,-,2,20145859,C,T
chr02_20824958,genome.wide,-,2,20824958,A,G
chr02_21060669,genome.wide,-,2,21060669,C,T
chr02_21832777,genome.wide,-,2,21832777,A,G
chr02_22340836,genome.wide,-,2,22340836,C,T
chr02_23073414,genome.wide,-,2,23073414,G,T
chr02_2334960,genome.wide,-,2,2334960,C,T
chr02_23852677,genome.wide,-,2,23852677,A,G
chr02_24168273,genome.wide,-,2,24168273,A,G
chr02_25193353,genome.wide,-,2,25193353,C,T
chr02_26406867,genome.wide,-,2,26406867,A,G
chr02_27548893,genome.wide,-,2,27548893,A,C
chr02_2819095,genome.wide,-,2,2819095,C,T
chr02_28211032,genome.wide,-,2,28211032,C,T
chr02_28778297,genome.wide,-,2,28778297,A,G
chr02_29568762,genome.wide,-,2,29568762,C,T
chr02_29718772,genome.wide,-,2,29718772,C,T
chr02_2983451,genome.wide,-,2,2983451,A,G
chr02_30345735,genome.wide,-,2,30345735,A,C
chr02_30530432,genome.wide,-,2,30530432,A,G
chr02_31135814,genome.wide,-,2,31135814,C,T
chr02_3136771,genome.wide,-,2,3136771,A,T
chr02_31403314,genome.wide,-,2,31403314,A,T
chr02_316859,genome.wide,-,2,316859,C,T
chr02_31914486,genome.wide,-,2,31914486,A,G
chr02_32101050,genome.wide,-,2,32101050,A,G
chr02_32303539,genome.wide,-,2,32303539,A,T
chr02_33035683,genome.wide,-,2,33035683,A,G
chr02_34868096,genome.wide,-,2,34868096,A,G
chr02_35216781,genome.wide,-,2,35216781,A,C
chr02_35401891,genome.wide,-,2,35401891,A,C
chr02_35568365,genome.wide,-,2,35568365,A,G
chr02_35818319,genome.wide,-,2,35818319,C,T
chr02_3830712,genome.wide,-,2,3830712,A,G
chr02_4047646,genome.wide,-,2,4047646,A,G
chr02_4823175,genome.wide,-,2,4823175,C,T
chr02_4930742,genome.wide,-,2,4930742,C,T
chr02_494373,genome.wide,-,2,494373,C,T
chr02_5231169,genome.wide,-,2,5231169,G,T
chr02_5836334,genome.wide,-,2,5836334,A,G
chr02_6186335,genome.wide,-,2,6186335,T,C
chr02_629512,genome.wide,-,2,629512,A,G
chr02_6805305,genome.wide,-,2,6805305,A,T
chr02_7342223,genome.wide,-,2,7342223,G,T
chr02_8814718,genome.wide,-,2,8814718,A,G
chr02_890901,genome.wide,-,2,890901,C,T
chr02_9570228,genome.wide,-,2,9570228,A,G
chr02_9801099,genome.wide,-,2,9801099,G,T
chr02_9975660,genome.wide,-,2,9975660,A,G
chr03_10184356,genome.wide,-,3,10184356,A,G
chr03_10304250,genome.wide,-,3,10304250,A,G
chr03_10544320,genome.wide,-,3,10544320,C,T
chr03_10798982,genome.wide,-,3,10798982,C,T
chr03_11851886,genome.wide,-,3,11851886,A,C
chr03_1270943,genome.wide,-,3,1270943,A,G
chr03_13224089,genome.wide,-,3,13224089,C,T
chr03_13932387,genome.wide,-,3,13932387,A,C
chr03_14169727,genome.wide,-,3,14169727,G,T
chr03_14554651,genome.wide,-,3,14554651,C,G
chr03_1481412,genome.wide,-,3,1481412,C,T
chr03_15072791,genome.wide,-,3,15072791,A,C
chr03_15365726,genome.wide,-,3,15365726,G,T
chr03_17307455,genome.wide,-,3,17307455,G,T
chr03_1761412,genome.wide,-,3,1761412,A,G
chr03_17827706,genome.wide,-,3,17827706,A,G
chr03_19929911,genome.wide,-,3,19929911,C,T
chr03_2151496,genome.wide,-,3,2151496,A,G
chr03_22050510,genome.wide,-,3,22050510,C,T
chr03_23037368,genome.wide,-,3,23037368,G,T
chr03_23354868,genome.wide,-,3,23354868,C,T
chr03_23851835,genome.wide,-,3,23851835,G,T
chr03_24413888,genome.wide,-,3,24413888,A,G
chr03_25833182,genome.wide,-,3,25833182,G,T
chr03_26334305,genome.wide,-,3,26334305,C,T
chr03_27275567,genome.wide,-,3,27275567,G,T
chr03_27494934,genome.wide,-,3,27494934,C,T
chr03_28851199,genome.wide,-,3,28851199,A,C
chr03_2885423,genome.wide,-,3,2885423,C,T
chr03_29152266,genome.wide,-,3,29152266,A,C
chr03_30604896,genome.wide,-,3,30604896,C,T
chr03_31025197,genome.wide,-,3,31025197,C,T
chr03_31190989,genome.wide,-,3,31190989,A,G
chr03_31427789,genome.wide,-,3,31427789,G,T
chr03_31614921,genome.wide,-,3,31614921,A,T
chr03_32063693,genome.wide,-,3,32063693,C,T
chr03_32430702,genome.wide,-,3,32430702,A,C
chr03_32577650,genome.wide,-,3,32577650,A,G
chr03_32832500,genome.wide,-,3,32832500,A,T
chr03_33080942,genome.wide,-,3,33080942,C,T
chr03_33319900,genome.wide,-,3,33319900,T,C
chr03_33713486,genome.wide,-,3,33713486,A,C
chr03_3382980,genome.wide,-,3,3382980,G,T
chr03_34275405,genome.wide,-,3,34275405,A,G
chr03_34476308,genome.wide,-,3,34476308,C,T
chr03_34678981,genome.wide,-,3,34678981,G,T
chr03_35636092,genome.wide,-,3,35636092,A,G
chr03_35824355,genome.wide,-,3,35824355,A,C
chr03_36206765,genome.wide,-,3,36206765,C,T
chr03_3657643,genome.wide,-,3,3657643,C,G
chr03_4047654,genome.wide,-,3,4047654,C,T
chr03_484812,genome.wide,-,3,484812,C,T
chr03_5109298,genome.wide,-,3,5109298,C,T
chr03_6283461,genome.wide,-,3,6283461,C,T
chr03_6902921,genome.wide,-,3,6902921,A,G
chr03_7798537,genome.wide,-,3,7798537,A,G
chr03_8532555,genome.wide,-,3,8532555,A,G
chr03_8711509,genome.wide,-,3,8711509,A,G
chr03_9375374,genome.wide,-,3,9375374,A,G
chr03_9636224,genome.wide,-,3,9636224,C,T
chr03_9751213,genome.wide,-,3,9751213,C,T
chr03_9878813,genome.wide,-,3,9878813,C,T
chr04_1022225,genome.wide,-,4,1022225,A,G
chr04_10468507,genome.wide,-,4,10468507,A,G
chr04_10991011,genome.wide,-,4,10991011,C,T
chr04_1136986,genome.wide,-,4,1136986,C,T
chr04_11645506,genome.wide,-,4,11645506,C,T
chr04_11879947,genome.wide,-,4,11879947,A,G
chr04_12244931,genome.wide,-,4,12244931,C,A
chr04_12297152,genome.wide,-,4,12297152,C,T
chr04_12594753,genome.wide,-,4,12594753,A,G
chr04_12665796,genome.wide,-,4,12665796,C,T
chr04_12684621,genome.wide,-,4,12684621,C,T
chr04_12711415,genome.wide,-,4,12711415,C,T
chr04_13551673,genome.wide,-,4,13551673,A,G
chr04_15944977,genome.wide,-,4,15944977,G,T
chr04_16559384,genome.wide,-,4,16559384,T,C
chr04_1719865,genome.wide,-,4,1719865,C,T
chr04_17465113,genome.wide,-,4,17465113,G,T
chr04_18706317,genome.wide,-,4,18706317,A,G
chr04_19123643,genome.wide,-,4,19123643,A,G
chr04_193676,genome.wide,-,4,193676,A,T
chr04_20507218,genome.wide,-,4,20507218,A,G
chr04_21864875,genome.wide,-,4,21864875,A,G
chr04_22435296,genome.wide,-,4,22435296,A,G
chr04_22808095,genome.wide,-,4,22808095,A,G
chr04_23046635,genome.wide,-,4,23046635,A,T
chr04_23248365,genome.wide,-,4,23248365,C,T
chr04_23846299,genome.wide,-,4,23846299,G,T
chr04_24061518,genome.wide,-,4,24061518,C,T
chr04_25245272,genome.wide,-,4,25245272,A,G
chr04_26832471,genome.wide,-,4,26832471,A,C
chr04_27540988,genome.wide,-,4,27540988,A,C
chr04_28004788,genome.wide,-,4,28004788,C,T
chr04_28901886,genome.wide,-,4,28901886,C,T
chr04_29533215,genome.wide,-,4,29533215,C,T
chr04_29715617,genome.wide,-,4,29715617,A,G
chr04_30174083,genome.wide,-,4,30174083,C,T
chr04_30438901,genome.wide,-,4,30438901,A,G
chr04_32377619,genome.wide,-,4,32377619,C,T
chr04_33073892,genome.wide,-,4,33073892,A,G
chr04_3411505,genome.wide,-,4,3411505,A,C
chr04_34643455,genome.wide,-,4,34643455,A,G
chr04_4456304,genome.wide,-,4,4456304,C,T
chr04_5625104,genome.wide,-,4,5625104,T,C
chr04_6913215,genome.wide,-,4,6913215,A,G
chr04_7304413,genome.wide,-,4,7304413,G,T
chr04_7871436,genome.wide,-,4,7871436,C,T
chr04_8217877,genome.wide,-,4,8217877,A,G
chr04_8876854,genome.wide,-,4,8876854,G,A
chr05_10886331,genome.wide,-,5,10886331,C,T
chr05_11679660,genome.wide,-,5,11679660,C,T
chr05_1277191,genome.wide,-,5,1277191,A,G
chr05_13325546,genome.wide,-,5,13325546,C,T
chr05_13768744,genome.wide,-,5,13768744,C,T
chr05_14412355,genome.wide,-,5,14412355,A,G
chr05_14928105,genome.wide,-,5,14928105,A,G
chr05_15567844,genome.wide,-,5,15567844,G,T
chr05_16500527,genome.wide,-,5,16500527,A,G
chr05_16752221,genome.wide,-,5,16752221,A,C
chr05_17017106,genome.wide,-,5,17017106,C,T
chr05_18108765,genome.wide,-,5,18108765,A,T
chr05_1832604,genome.wide,-,5,1832604,G,T
chr05_18405433,genome.wide,-,5,18405433,C,T
chr05_18816269,genome.wide,-,5,18816269,C,T
chr05_19098650,genome.wide,-,5,19098650,C,T
chr05_19155333,genome.wide,-,5,19155333,A,G
chr05_19723342,genome.wide,-,5,19723342,A,G
chr05_201193,genome.wide,-,5,201193,A,C
chr05_2045112,genome.wide,-,5,2045112,G,T
chr05_21494622,genome.wide,-,5,21494622,C,T
chr05_22295097,genome.wide,-,5,22295097,A,C
chr05_22711811,genome.wide,-,5,22711811,A,G
chr05_2291156,genome.wide,-,5,2291156,C,T
chr05_23143060,genome.wide,-,5,23143060,A,C
chr05_23661597,genome.wide,-,5,23661597,A,C
chr05_24090514,genome.wide,-,5,24090514,A,C
chr05_26185802,genome.wide,-,5,26185802,C,T
chr05_27086886,genome.wide,-,5,27086886,A,G
chr05_27289052,genome.wide,-,5,27289052,C,A
chr05_27531788,genome.wide,-,5,27531788,A,G
chr05_27627633,genome.wide,-,5,27627633,A,G
chr05_27899049,genome.wide,-,5,27899049,G,T
chr05_28101376,genome.wide,-,5,28101376,A,G
chr05_28344771,genome.wide,-,5,28344771,A,G
chr05_28642522,genome.wide,-,5,28642522,A,G
chr05_28772543,genome.wide,-,5,28772543,C,G
chr05_29490231,genome.wide,-,5,29490231,G,T
chr05_3817643,genome.wide,-,5,3817643,C,T
chr05_437499,genome.wide,-,5,437499,A,T
chr05_440644,genome.wide,-,5,440644,A,G
chr05_44806,genome.wide,-,5,44806,C,G
chr05_4589783,genome.wide,-,5,4589783,G,T
chr05_6129755,genome.wide,-,5,6129755,A,G
chr05_6544781,genome.wide,-,5,6544781,A,C
chr05_6607675,genome.wide,-,5,6607675,C,T
chr05_661832,genome.wide,-,5,661832,A,G
chr05_6833061,genome.wide,-,5,6833061,C,T
chr05_7195992,genome.wide,-,5,7195992,A,G
chr05_7706179,genome.wide,-,5,7706179,A,G
chr05_8080666,genome.wide,-,5,8080666,A,G
chr05_8384781,genome.wide,-,5,8384781,A,G
chr05_8585466,genome.wide,-,5,8585466,C,T
chr05_9712988,genome.wide,-,5,9712988,C,T
chr06_10006906,genome.wide,-,6,10006906,A,G
chr06_11131403,genome.wide,-,6,11131403,A,G
chr06_1378891,genome.wide,-,6,1378891,A,G
chr06_14006726,genome.wide,-,6,14006726,A,T
chr06_14504992,genome.wide,-,6,14504992,A,G
chr06_1521855,genome.wide,-,6,1521855,A,C
chr06_15358704,genome.wide,-,6,15358704,C,G
chr06_15538142,genome.wide,-,6,15538142,C,T
chr06_16304717,genome.wide,-,6,16304717,G,T
chr06_16614854,genome.wide,-,6,16614854,C,G
chr06_16806254,genome.wide,-,6,16806254,C,T
chr06_1765761,genome.wide,-,6,1765761,T,G
chr06_1768006,genome.wide,-,6,1768006,A,C
chr06_1768998,genome.wide,-,6,1768998,C,T
chr06_19989362,genome.wide,-,6,19989362,C,T
chr06_2025629,genome.wide,-,6,2025629,G,A
chr06_20462203,genome.wide,-,6,20462203,A,T
chr06_24003856,genome.wide,-,6,24003856,C,T
chr06_24219798,genome.wide,-,6,24219798,T,C
chr06_2430760,genome.wide,-,6,2430760,C,T
chr06_24331932,genome.wide,-,6,24331932,C,T
chr06_244274,genome.wide,-,6,244274,A,G
chr06_24502000,genome.wide,-,6,24502000,A,T
chr06_24830750,genome.wide,-,6,24830750,G,A
chr06_26513610,genome.wide,-,6,26513610,A,G
chr06_27364485,genome.wide,-,6,27364485,A,G
chr06_27627615,genome.wide,-,6,27627615,A,C
chr06_27761109,genome.wide,-,6,27761109,A,C
chr06_2783620,genome.wide,-,6,2783620,A,G
chr06_2808467,genome.wide,-,6,2808467,A,G
chr06_28100960,genome.wide,-,6,28100960,A,G
chr06_28107682,genome.wide,-,6,28107682,G,T
chr06_29208264,genome.wide,-,6,29208264,A,C
chr06_30809492,genome.wide,-,6,30809492,A,G
chr06_3431721,genome.wide,-,6,3431721,A,G
chr06_3598843,genome.wide,-,6,3598843,A,G
chr06_400753,genome.wide,-,6,400753,A,G
chr06_4076903,genome.wide,-,6,4076903,C,T
chr06_4641044,genome.wide,-,6,4641044,C,T
chr06_4757948,genome.wide,-,6,4757948,A,G
chr06_5707236,genome.wide,-,6,5707236,A,G
chr06_5894169,genome.wide,-,6,5894169,C,T
chr06_6093491,genome.wide,-,6,6093491,C,T
chr06_6508525,genome.wide,-,6,6508525,A,G
chr06_6752756,genome.wide,-,6,6752756,A,G
chr06_677288,genome.wide,-,6,677288,A,G
chr06_7629011,genome.wide,-,6,7629011,G,T
chr06_8153078,genome.wide,-,6,8153078,A,G
chr06_8405025,genome.wide,-,6,8405025,A,G
chr06_9222038,genome.wide,-,6,9222038,A,G
chr07_1058718,genome.wide,-,7,1058718,A,G
chr07_11290725,genome.wide,-,7,11290725,C,T
chr07_1317761,genome.wide,-,7,1317761,A,G
chr07_1432567,genome.wide,-,7,1432567,A,G
chr07_14729119,genome.wide,-,7,14729119,A,G
chr07_15340454,genome.wide,-,7,15340454,A,G
chr07_1558687,genome.wide,-,7,1558687,C,T
chr07_16313631,genome.wide,-,7,16313631,C,T
chr07_17654305,genome.wide,-,7,17654305,A,G
chr07_17877865,genome.wide,-,7,17877865,A,G
chr07_18208798,genome.wide,-,7,18208798,A,T
chr07_1865306,genome.wide,-,7,1865306,A,G
chr07_18689329,genome.wide,-,7,18689329,G,T
chr07_20095030,genome.wide,-,7,20095030,T,G
chr07_20514892,genome.wide,-,7,20514892,G,T
chr07_21135004,genome.wide,-,7,21135004,C,T
chr07_2128881,genome.wide,-,7,2128881,C,T
chr07_21539524,genome.wide,-,7,21539524,C,T
chr07_22119347,genome.wide,-,7,22119347,A,G
chr07_22593213,genome.wide,-,7,22593213,A,G
chr07_22811363,genome.wide,-,7,22811363,C,T
chr07_23087994,genome.wide,-,7,23087994,A,G
chr07_2331583,genome.wide,-,7,2331583,G,T
chr07_23535052,genome.wide,-,7,23535052,G,T
chr07_23785728,genome.wide,-,7,23785728,G,T
chr07_24194267,genome.wide,-,7,24194267,G,T
chr07_24313817,genome.wide,-,7,24313817,A,C
chr07_24507157,genome.wide,-,7,24507157,G,T
chr07_25339609,genome.wide,-,7,25339609,C,T
chr07_25935801,genome.wide,-,7,25935801,C,T
chr07_27021585,genome.wide,-,7,27021585,A,G
chr07_27883987,genome.wide,-,7,27883987,C,T
chr07_28187994,genome.wide,-,7,28187994,A,T
chr07_28409912,genome.wide,-,7,28409912,C,T
chr07_3616857,genome.wide,-,7,3616857,T,C
chr07_514293,genome.wide,-,7,514293,C,T
chr07_5729056,genome.wide,-,7,5729056,A,G
chr07_6029723,genome.wide,-,7,6029723,A,G
chr07_8140854,genome.wide,-,7,8140854,C,T
chr07_8320872,genome.wide,-,7,8320872,A,G
chr07_8487862,genome.wide,-,7,8487862,A,G
chr07_940832,genome.wide,-,7,940832,A,G
chr08_10105233,genome.wide,-,8,10105233,C,T
chr08_10188041,genome.wide,-,8,10188041,C,T
chr08_10358484,genome.wide,-,8,10358484,A,G
chr08_11565636,genome.wide,-,8,11565636,C,T
chr08_11727432,genome.wide,-,8,11727432,A,C
chr08_11888511,genome.wide,-,8,11888511,A,G
chr08_1198055,genome.wide,-,8,1198055,C,T
chr08_12421145,genome.wide,-,8,12421145,A,G
chr08_13354771,genome.wide,-,8,13354771,C,T
chr08_13741571,genome.wide,-,8,13741571,C,T
chr08_14799421,genome.wide,-,8,14799421,A,G
chr08_14986111,genome.wide,-,8,14986111,A,G
chr08_15439243,genome.wide,-,8,15439243,C,T
chr08_15666434,genome.wide,-,8,15666434,G,A
chr08_16618829,genome.wide,-,8,16618829,A,C
chr08_16799413,genome.wide,-,8,16799413,A,G
chr08_16967616,genome.wide,-,8,16967616,A,T
chr08_17319167,genome.wide,-,8,17319167,A,C
chr08_18108496,genome.wide,-,8,18108496,A,G
chr08_18221884,genome.wide,-,8,18221884,C,T
chr08_18552226,genome.wide,-,8,18552226,A,G
chr08_19351882,genome.wide,-,8,19351882,A,G
chr08_19833397,genome.wide,-,8,19833397,A,C
chr08_20053642,genome.wide,-,8,20053642,C,T
chr08_21011651,genome.wide,-,8,21011651,C,T
chr08_213580,genome.wide,-,8,213580,A,G
chr08_21667240,genome.wide,-,8,21667240,C,T
chr08_2208785,genome.wide,-,8,2208785,C,G
chr08_23713744,genome.wide,-,8,23713744,A,T
chr08_24125399,genome.wide,-,8,24125399,A,G
chr08_24753844,genome.wide,-,8,24753844,C,T
chr08_25157676,genome.wide,-,8,25157676,T,G
chr08_25467581,genome.wide,-,8,25467581,A,T
chr08_25757847,genome.wide,-,8,25757847,G,T
chr08_26448560,genome.wide,-,8,26448560,G,T
chr08_26755059,genome.wide,-,8,26755059,A,C
chr08_28125942,genome.wide,-,8,28125942,C,T
chr08_3682006,genome.wide,-,8,3682006,C,T
chr08_3866523,genome.wide,-,8,3866523,A,G
chr08_4190544,genome.wide,-,8,4190544,C,T
chr08_4511882,genome.wide,-,8,4511882,C,T
chr08_5082883,genome.wide,-,8,5082883,G,A
chr08_6269190,genome.wide,-,8,6269190,A,T
chr08_658032,genome.wide,-,8,658032,A,C
chr08_811201,genome.wide,-,8,811201,A,G
chr08_8386031,genome.wide,-,8,8386031,C,T
chr08_8580913,genome.wide,-,8,8580913,A,G
chr08_8703041,genome.wide,-,8,8703041,C,T
chr08_9400516,genome.wide,-,8,9400516,T,C
chr08_9985601,genome.wide,-,8,9985601,A,G
chr09_10119114,genome.wide,-,9,10119114,A,G
chr09_1098249,genome.wide,-,9,1098249,C,T
chr09_11237877,genome.wide,-,9,11237877,C,T
chr09_11608425,genome.wide,-,9,11608425,C,T
chr09_11746684,genome.wide,-,9,11746684,A,G
chr09_11848827,genome.wide,-,9,11848827,A,G
chr09_12029697,genome.wide,-,9,12029697,C,T
chr09_12326525,genome.wide,-,9,12326525,A,G
chr09_1467951,genome.wide,-,9,1467951,A,G
chr09_148594,genome.wide,-,9,148594,C,T
chr09_14920092,genome.wide,-,9,14920092,A,G
chr09_15322775,genome.wide,-,9,15322775,A,G
chr09_15429734,genome.wide,-,9,15429734,G,T
chr09_16616509,genome.wide,-,9,16616509,C,T
chr09_17707080,genome.wide,-,9,17707080,A,G
chr09_19322095,genome.wide,-,9,19322095,A,G
chr09_19683788,genome.wide,-,9,19683788,C,T
chr09_20138174,genome.wide,-,9,20138174,A,T
chr09_2096551,genome.wide,-,9,2096551,C,T
chr09_21148430,genome.wide,-,9,21148430,A,G
chr09_21348882,genome.wide,-,9,21348882,A,G
chr09_21612758,genome.wide,-,9,21612758,C,T
chr09_21667022,genome.wide,-,9,21667022,A,G
chr09_21896910,genome.wide,-,9,21896910,C,T
chr09_22076185,genome.wide,-,9,22076185,C,T
chr09_2298381,genome.wide,-,9,2298381,C,T
chr09_2930321,genome.wide,-,9,2930321,C,T
chr09_3357568,genome.wide,-,9,3357568,A,G
chr09_3603443,genome.wide,-,9,3603443,C,T
chr09_3934768,genome.wide,-,9,3934768,A,C
chr09_496013,genome.wide,-,9,496013,A,C
chr09_5008706,genome.wide,-,9,5008706,G,T
chr09_5305969,genome.wide,-,9,5305969,A,G
chr09_591085,genome.wide,-,9,591085,A,G
chr09_5922125,genome.wide,-,9,5922125,C,T
chr09_6093984,genome.wide,-,9,6093984,C,T
chr09_6252407,genome.wide,-,9,6252407,A,G
chr09_6796269,genome.wide,-,9,6796269,C,T
chr09_7280339,genome.wide,-,9,7280339,C,T
chr09_8851945,genome.wide,-,9,8851945,C,T
chr09_9252104,genome.wide,-,9,9252104,C,G
chr09_9626056,genome.wide,-,9,9626056,A,G
chr09_9945591,genome.wide,-,9,9945591,C,T
chr10_10293012,genome.wide,-,10,10293012,C,A
chr10_11195773,genome.wide,-,10,11195773,A,C
chr10_11664750,genome.wide,-,10,11664750,A,G
chr10_11918679,genome.wide,-,10,11918679,G,T
chr10_12145295,genome.wide,-,10,12145295,C,T
chr10_12780901,genome.wide,-,10,12780901,A,G
chr10_13551338,genome.wide,-,10,13551338,A,G
chr10_13778768,genome.wide,-,10,13778768,A,G
chr10_14086902,genome.wide,-,10,14086902,A,G
chr10_14640458,genome.wide,-,10,14640458,A,G
chr10_146531,genome.wide,-,10,146531,C,T
chr10_1562931,genome.wide,-,10,1562931,A,T
chr10_16229530,genome.wide,-,10,16229530,G,T
chr10_16742656,genome.wide,-,10,16742656,A,G
chr10_18098744,genome.wide,-,10,18098744,A,G
chr10_18302926,genome.wide,-,10,18302926,A,G
chr10_18583084,genome.wide,-,10,18583084,G,T
chr10_1873548,genome.wide,-,10,1873548,T,C
chr10_18852690,genome.wide,-,10,18852690,C,T
chr10_19025553,genome.wide,-,10,19025553,A,G
chr10_19217152,genome.wide,-,10,19217152,A,G
chr10_19378143,genome.wide,-,10,19378143,A,C
chr10_19678268,genome.wide,-,10,19678268,G,T
chr10_19899160,genome.wide,-,10,19899160,A,G
chr10_20723502,genome.wide,-,10,20723502,G,A
chr10_21338558,genome.wide,-,10,21338558,C,T
chr10_21596449,genome.wide,-,10,21596449,A,G
chr10_22512962,genome.wide,-,10,22512962,C,T
chr10_3358419,genome.wide,-,10,3358419,C,T
chr10_4019997,genome.wide,-,10,4019997,C,T
chr10_4281052,genome.wide,-,10,4281052,C,T
chr10_5257224,genome.wide,-,10,5257224,C,T
chr10_5488256,genome.wide,-,10,5488256,C,T
chr10_5826161,genome.wide,-,10,5826161,G,T
chr10_6798684,genome.wide,-,10,6798684,C,T
chr10_7120214,genome.wide,-,10,7120214,A,G
chr10_7530092,genome.wide,-,10,7530092,A,G
chr10_8795028,genome.wide,-,10,8795028,C,T
chr10_9095431,genome.wide,-,10,9095431,C,T
chr11_10741559,genome.wide,-,11,10741559,G,T
chr11_14737362,genome.wide,-,11,14737362,A,T
chr11_15447862,genome.wide,-,11,15447862,C,T
chr11_15850522,genome.wide,-,11,15850522,A,C
chr11_16284824,genome.wide,-,11,16284824,A,C
chr11_17292835,genome.wide,-,11,17292835,G,T
chr11_17489208,genome.wide,-,11,17489208,C,G
chr11_17908099,genome.wide,-,11,17908099,A,G
chr11_18290104,genome.wide,-,11,18290104,A,C
chr11_18936070,genome.wide,-,11,18936070,A,G
chr11_20074439,genome.wide,-,11,20074439,C,T
chr11_20647651,genome.wide,-,11,20647651,A,G
chr11_20837771,genome.wide,-,11,20837771,C,T
chr11_21190115,genome.wide,-,11,21190115,C,T
chr11_21273677,genome.wide,-,11,21273677,C,G
chr11_21689303,genome.wide,-,11,21689303,A,G
chr11_21691103,genome.wide,-,11,21691103,C,T
chr11_22562351,genome.wide,-,11,22562351,A,G
chr11_23023708,genome.wide,-,11,23023708,A,C
chr11_23080452,genome.wide,-,11,23080452,C,T
chr11_2393690,genome.wide,-,11,2393690,C,T
chr11_24100905,genome.wide,-,11,24100905,C,T
chr11_25135188,genome.wide,-,11,25135188,A,G
chr11_25279481,genome.wide,-,11,25279481,A,G
chr11_25811598,genome.wide,-,11,25811598,C,T
chr11_26300403,genome.wide,-,11,26300403,A,G
chr11_27603799,genome.wide,-,11,27603799,A,C
chr11_27817978,genome.wide,-,11,27817978,C,T
chr11_2875870,genome.wide,-,11,2875870,G,T
chr11_28966693,genome.wide,-,11,28966693,C,G
chr11_3827762,genome.wide,-,11,3827762,A,G
chr11_6088667,genome.wide,-,11,6088667,C,T
chr11_7434978,genome.wide,-,11,7434978,A,C
chr11_8083891,genome.wide,-,11,8083891,A,G
chr11_8786491,genome.wide,-,11,8786491,A,G
chr11_9561302,genome.wide,-,11,9561302,G,T
chr12_10469146,genome.wide,-,12,10469146,A,G
chr12_10509878,genome.wide,-,12,10509878,A,G
chr12_11257069,genome.wide,-,12,11257069,A,G
chr12_11720114,genome.wide,-,12,11720114,C,T
chr12_12075622,genome.wide,-,12,12075622,C,T
chr12_12904225,genome.wide,-,12,12904225,C,T
chr12_13248798,genome.wide,-,12,13248798,A,G
chr12_13764151,genome.wide,-,12,13764151,G,T
chr12_14060565,genome.wide,-,12,14060565,C,T
chr12_14489210,genome.wide,-,12,14489210,A,C
chr12_14599449,genome.wide,-,12,14599449,C,T
chr12_14936674,genome.wide,-,12,14936674,A,G
chr12_15757091,genome.wide,-,12,15757091,T,C
chr12_16287347,genome.wide,-,12,16287347,G,T
chr12_16591134,genome.wide,-,12,16591134,C,T
chr12_16990670,genome.wide,-,12,16990670,A,C
chr12_17443323,genome.wide,-,12,17443323,C,T
chr12_17571574,genome.wide,-,12,17571574,A,G
chr12_18003414,genome.wide,-,12,18003414,C,T
chr12_18881059,genome.wide,-,12,18881059,A,T
chr12_19161731,genome.wide,-,12,19161731,A,G
chr12_19522102,genome.wide,-,12,19522102,A,G
chr12_19578931,genome.wide,-,12,19578931,C,T
chr12_19829588,genome.wide,-,12,19829588,C,T
chr12_21446549,genome.wide,-,12,21446549,G,T
chr12_21731719,genome.wide,-,12,21731719,A,T
chr12_22600624,genome.wide,-,12,22600624,A,G
chr12_23066809,genome.wide,-,12,23066809,A,G
chr12_23828922,genome.wide,-,12,23828922,C,T
chr12_24088209,genome.wide,-,12,24088209,A,G
chr12_24317071,genome.wide,-,12,24317071,C,T
chr12_24417433,genome.wide,-,12,24417433,C,T
chr12_24705450,genome.wide,-,12,24705450,A,G
chr12_25490919,genome.wide,-,12,25490919,A,C
chr12_26259494,genome.wide,-,12,26259494,G,T
chr12_26463351,genome.wide,-,12,26463351,A,G
chr12_2651274,genome.wide,-,12,2651274,A,G
chr12_26665728,genome.wide,-,12,26665728,C,T
chr12_27023424,genome.wide,-,12,27023424,G,T
chr12_27304351,genome.wide,-,12,27304351,G,T
chr12_3217524,genome.wide,-,12,3217524,A,G
chr12_3285571,genome.wide,-,12,3285571,C,T
chr12_3544726,genome.wide,-,12,3544726,G,T
chr12_4433511,genome.wide,-,12,4433511,A,G
chr12_4554103,genome.wide,-,12,4554103,A,G
chr12_7114076,genome.wide,-,12,7114076,G,T
chr12_7445812,genome.wide,-,12,7445812,G,T
chr12_8070782,genome.wide,-,12,8070782,A,C
chr12_8240608,genome.wide,-,12,8240608,C,T
chr12_8794364,genome.wide,-,12,8794364,A,C
chr12_8913217,genome.wide,-,12,8913217,A,G
dep1-1,trait.marker,Panicle architecture,9,16410299,G,C
dep1-2,trait.marker,Panicle architecture,9,16415265,CTGCA,ATGCA
ehd1-01,trait.marker,Heading date,10,17077589,CGAGTGTTCATGCTGCAATGAACTGACG,TGAGTGTTCATGCTGCAATGAACTGACG
elf3-01,trait.marker,Heading date,6,2237266,A,T
fgr_1,trait.marker,Aroma,8,20382857,TTTTCGCTGCCTA,AAGATTGGCTAGC
his1,trait.marker,Herbicide resistance - benzobicyclone,2,10389082,TTCGGCTT,GGACCAAA
ms-IR36,trait.marker,Cytoplasmic male sterility,2,1076776,G,T
pi21-03,trait.marker,Blast,4,19796129,T,C
qSES1-2_1,trait.marker,Salinity - vegetative,1,39313463,A,G
qSES1-2_2,trait.marker,Salinity - vegetative,1,39826525,C,T
qSES1-2_3,trait.marker,Salinity - vegetative,1,40362958,A,G
qSES1-2_4,trait.marker,Salinity - vegetative,1,40611906,T,A
rymv1-2,trait.marker,Virus - Rice Yellow Mottle Virus,4,24948722,T,C
sweet14_2,trait.marker,Bacterial blight,11,18179253,A,G
sweet14_pro1,trait.marker,Bacterial blight,11,18174499,C,G
xa13_1,trait.marker,Bacterial blight,8,26727222,C,G
xa13_2,trait.marker,Bacterial blight,8,26726585,T,C
xa4_1,trait.marker,Bacterial blight,11,28224810,C,G
xa4_2,trait.marker,Bacterial blight,11,28704769,T,G
AG3_2,trait.marker,AG3,7,24014394,G,T
BPH17_2,trait.marker,BPH17,4,6979033,G,C
BPH32,trait.marker,BPH32,6,1223332,G,C
Chalk5_5.1,trait.marker,Chalk5,5,3339314,G,T
chalk5_576,trait.marker,Alk,5,3340295,A,G
CHR01_10100605,genome.wide,,1,10100605,A,G
CHR01_10202227,genome.wide,,1,10202227,A,G
CHR01_10645259,genome.wide,,1,10645259,C,T
CHR01_10846090,genome.wide,,1,10846090,A,G
CHR01_11250486,genome.wide,,1,11250486,A,G
CHR01_12216652,genome.wide,,1,12216652,A,G
CHR01_12335190,genome.wide,,1,12335190,C,T
CHR01_15883941,genome.wide,,1,15883941,C,T
CHR01_16596849,genome.wide,,1,16596849,A,C
CHR01_17219764,genome.wide,,1,17219764,A,T
CHR01_18501890,genome.wide,,1,18501890,A,G
CHR01_19008526,genome.wide,,1,19008526,A,G
CHR01_2100471,genome.wide,,1,2100471,C,T
CHR01_24722142,genome.wide,,1,24722142,C,T
CHR01_2532252,genome.wide,,1,2532252,C,T
CHR01_27330724,genome.wide,,1,27330724,A,G
CHR01_28478660,genome.wide,,1,28478660,C,T
CHR01_31396842,genome.wide,,1,31396842,G,T
CHR01_32041358,genome.wide,,1,32041358,A,G
CHR01_3236648,genome.wide,,1,3236648,A,C
CHR01_32563460,genome.wide,,1,32563460,A,G
CHR01_32766139,genome.wide,,1,32766139,A,G
CHR01_33164035,genome.wide,,1,33164035,A,G
CHR01_39548506,genome.wide,,1,39548506,C,T
CHR01_41911439,genome.wide,,1,41911439,A,T
CHR01_5510350,genome.wide,,1,5510350,G,T
CHR01_6543217,genome.wide,,1,6543217,C,T
CHR01_717702,genome.wide,,1,717702,A,G
CHR01_8760562,genome.wide,,1,8760562,A,G
CHR02_103273,genome.wide,,2,103273,A,T
CHR02_10874369,genome.wide,,2,10874369,G,T
CHR02_1487009,genome.wide,,2,1487009,C,T
CHR02_17497082,genome.wide,,2,17497082,A,G
CHR02_17789129,genome.wide,,2,17789129,A,G
CHR02_23396915,genome.wide,,2,23396915,A,C
CHR02_23538743,genome.wide,,2,23538743,A,G
CHR02_24264653,genome.wide,,2,24264653,A,C
CHR02_24772301,genome.wide,,2,24772301,A,C
CHR02_24887320,genome.wide,,2,24887320,C,T
CHR02_25949636,genome.wide,,2,25949636,A,C
CHR02_28049479,genome.wide,,2,28049479,A,G
CHR02_29011747,genome.wide,,2,29011747,A,T
CHR02_29415200,genome.wide,,2,29415200,C,T
CHR02_31678155,genome.wide,,2,31678155,G,T
CHR02_34072964,genome.wide,,2,34072964,C,T
CHR02_34425408,genome.wide,,2,34425408,A,G
CHR02_34707946,genome.wide,,2,34707946,G,T
CHR02_3477202,genome.wide,,2,3477202,A,C
CHR02_34865754,genome.wide,,2,34865754,A,G
CHR02_4342883,genome.wide,,2,4342883,C,T
CHR02_7238793,genome.wide,,2,7238793,A,G
CHR02_8019748,genome.wide,,2,8019748,G,T
CHR03_11644944,genome.wide,,3,11644944,C,T
CHR03_12564300,genome.wide,,3,12564300,C,T
CHR03_18273682,genome.wide,,3,18273682,C,T
CHR03_19667207,genome.wide,,3,19667207,C,T
CHR03_20664396,genome.wide,,3,20664396,A,G
CHR03_21003404,genome.wide,,3,21003404,C,T
CHR03_22633713,genome.wide,,3,22633713,A,G
CHR03_25157655,genome.wide,,3,25157655,A,G
CHR03_25259336,genome.wide,,3,25259336,A,G
CHR03_25530777,genome.wide,,3,25530777,A,G
CHR03_26456796,genome.wide,,3,26456796,G,T
CHR03_26982172,genome.wide,,3,26982172,A,T
CHR03_27813704,genome.wide,,3,27813704,A,G
CHR03_29430694,genome.wide,,3,29430694,A,T
CHR03_30247826,genome.wide,,3,30247826,G,T
CHR03_35093761,genome.wide,,3,35093761,A,G
CHR03_5880211,genome.wide,,3,5880211,C,T
CHR03_7200676,genome.wide,,3,7200676,A,T
CHR03_851785,genome.wide,,3,851785,C,T
CHR03_9026803,genome.wide,,3,9026803,C,T
CHR04_13665093,genome.wide,,4,13665093,C,T
CHR04_14229856,genome.wide,,4,14229856,C,T
CHR04_14814591,genome.wide,,4,14814591,A,G
CHR04_16289829,genome.wide,,4,16289829,A,C
CHR04_18136052,genome.wide,,4,18136052,A,C
CHR04_19353709,genome.wide,,4,19353709,A,G
CHR04_21517348,genome.wide,,4,21517348,G,T
CHR04_25437295,genome.wide,,4,25437295,A,C
CHR04_26309089,genome.wide,,4,26309089,C,T
CHR04_26545849,genome.wide,,4,26545849,A,G
CHR04_29881066,genome.wide,,4,29881066,A,C
CHR04_30879875,genome.wide,,4,30879875,C,T
CHR04_31509863,genome.wide,,4,31509863,A,G
CHR04_32189893,genome.wide,,4,32189893,C,T
CHR04_33448911,genome.wide,,4,33448911,G,T
CHR04_34925111,genome.wide,,4,34925111,G,T
CHR04_6596219,genome.wide,,4,6596219,C,T
CHR04_7170237,genome.wide,,4,7170237,C,T
CHR05_10539124,genome.wide,,5,10539124,A,G
CHR05_1487229,genome.wide,,5,1487229,C,T
CHR05_16262586,genome.wide,,5,16262586,A,C
CHR05_16955234,genome.wide,,5,16955234,G,T
CHR05_19974373,genome.wide,,5,19974373,A,G
CHR05_20331215,genome.wide,,5,20331215,A,C
CHR05_20551103,genome.wide,,5,20551103,C,T
CHR05_29100308,genome.wide,,5,29100308,A,G
CHR05_3470087,genome.wide,,5,3470087,A,C
CHR05_4819475,genome.wide,,5,4819475,G,T
CHR05_7328783,genome.wide,,5,7328783,A,G
CHR05_922530,genome.wide,,5,922530,A,G
CHR06_10418594,genome.wide,,6,10418594,A,G
CHR06_10966744,genome.wide,,6,10966744,A,G
CHR06_11692013,genome.wide,,6,11692013,A,G
CHR06_1272777,genome.wide,,6,1272777,A,G
CHR06_12989252,genome.wide,,6,12989252,A,G
CHR06_13702743,genome.wide,,6,13702743,A,G
CHR06_25277863,genome.wide,,6,25277863,C,T
CHR06_2535102,genome.wide,,6,2535102,C,T
CHR06_26139965,genome.wide,,6,26139965,A,G
CHR06_26938344,genome.wide,,6,26938344,A,G
CHR06_28201282,genome.wide,,6,28201282,A,C
CHR06_28723997,genome.wide,,6,28723997,A,T
CHR06_29056693,genome.wide,,6,29056693,A,G
CHR06_29416997,genome.wide,,6,29416997,C,T
CHR06_3140863,genome.wide,,6,3140863,A,G
CHR06_3632725,genome.wide,,6,3632725,C,T
CHR06_3721346,genome.wide,,6,3721346,C,T
CHR06_3951547,genome.wide,,6,3951547,A,G
CHR06_5195334,genome.wide,,6,5195334,C,G
CHR07_1195861,genome.wide,,7,1195861,A,G
CHR07_18503646,genome.wide,,7,18503646,C,T
CHR07_22277144,genome.wide,,7,22277144,A,G
CHR07_5442983,genome.wide,,7,5442983,A,G
CHR07_770090,genome.wide,,7,770090,A,C
CHR08_1088007,genome.wide,,8,1088007,A,G
CHR08_11248949,genome.wide,,8,11248949,A,G
CHR08_12145970,genome.wide,,8,12145970,G,T
CHR08_12723619,genome.wide,,8,12723619,A,G
CHR08_13950899,genome.wide,,8,13950899,C,T
CHR08_14184612,genome.wide,,8,14184612,C,T
CHR08_14676962,genome.wide,,8,14676962,A,G
CHR08_21253397,genome.wide,,8,21253397,C,T
CHR08_22776414,genome.wide,,8,22776414,A,G
CHR08_24205833,genome.wide,,8,24205833,A,G
CHR08_26709228,genome.wide,,8,26709228,A,G
CHR08_2673447,genome.wide,,8,2673447,A,G
CHR08_26898822,genome.wide,,8,26898822,C,T
CHR08_27039158,genome.wide,,8,27039158,A,C
CHR08_27282645,genome.wide,,8,27282645,G,T
CHR08_3212821,genome.wide,,8,3212821,C,T
CHR08_3365127,genome.wide,,8,3365127,A,G
CHR08_5394572,genome.wide,,8,5394572,C,T
CHR08_5634800,genome.wide,,8,5634800,C,T
CHR08_7950638,genome.wide,,8,7950638,A,T
CHR08_8897653,genome.wide,,8,8897653,C,T
CHR09_10324014,genome.wide,,9,10324014,A,G
CHR09_17213519,genome.wide,,9,17213519,C,T
CHR09_17447522,genome.wide,,9,17447522,A,G
CHR09_20682114,genome.wide,,9,20682114,A,C
CHR09_21885499,genome.wide,,9,21885499,C,T
CHR09_2380203,genome.wide,,9,2380203,C,T
CHR09_4136552,genome.wide,,9,4136552,A,G
CHR09_5812738,genome.wide,,9,5812738,C,T
CHR09_6913547,genome.wide,,9,6913547,C,G
CHR09_7116276,genome.wide,,9,7116276,G,T
CHR09_8511436,genome.wide,,9,8511436,A,G
CHR10_12658334,genome.wide,,10,12658334,A,G
CHR10_15824876,genome.wide,,10,15824876,A,G
CHR10_19421322,genome.wide,,10,19421322,C,T
CHR10_2129424,genome.wide,,10,2129424,C,T
CHR10_3400212,genome.wide,,10,3400212,C,T
CHR10_790044,genome.wide,,10,790044,C,G
CHR10_8404652,genome.wide,,10,8404652,C,T
CHR11_12142966,genome.wide,,11,12142966,A,G
CHR11_12583306,genome.wide,,11,12583306,A,G
CHR11_13020856,genome.wide,,11,13020856,A,C
CHR11_15638505,genome.wide,,11,15638505,C,T
CHR11_17047762,genome.wide,,11,17047762,C,T
CHR11_17697337,genome.wide,,11,17697337,A,C
CHR11_19898835,genome.wide,,11,19898835,G,T
CHR11_21446099,genome.wide,,11,21446099,C,T
CHR11_22044151,genome.wide,,11,22044151,G,T
CHR11_22453819,genome.wide,,11,22453819,C,T
CHR11_22912310,genome.wide,,11,22912310,A,C
CHR11_23083051,genome.wide,,11,23083051,A,C
CHR11_23231455,genome.wide,,11,23231455,A,G
CHR11_256688,genome.wide,,11,256688,G,T
CHR11_27994133,genome.wide,,11,27994133,C,T
CHR11_3516253,genome.wide,,11,3516253,G,T
CHR11_3802930,genome.wide,,11,3802930,A,G
CHR11_5615885,genome.wide,,11,5615885,A,G
CHR11_5852961,genome.wide,,11,5852961,A,G
CHR11_6472086,genome.wide,,11,6472086,A,C
CHR11_650148,genome.wide,,11,650148,G,T
CHR11_7542820,genome.wide,,11,7542820,C,T
CHR11_9413614,genome.wide,,11,9413614,A,G
CHR12_12509917,genome.wide,,12,12509917,C,T
CHR12_15140411,genome.wide,,12,15140411,A,T
CHR12_15342492,genome.wide,,12,15342492,C,T
CHR12_23108164,genome.wide,,12,23108164,C,T
CHR12_25756224,genome.wide,,12,25756224,A,G
CHR12_3086293,genome.wide,,12,3086293,G,T
CHR12_4141420,genome.wide,,12,4141420,C,T
CHR12_5041059,genome.wide,,12,5041059,G,T
CHR12_7917509,genome.wide,,12,7917509,A,G
CHR12_9120135,genome.wide,,12,9120135,A,G
CHR12_9540170,genome.wide,,12,9540170,A,G
DTY2-2_4,trait.marker,DTY2.2,2,6267235,C,T
IRGSP1_C07_19408599,purity.marker,,7,19408599,A,G
IRGSP1_C10_12035291,purity.marker,,10,12035291,A,G
IRGSP1_C11_23731426,purity.marker,,11,23731426,A,G
IRGSP1_C11_27391141,purity.marker,,11,27391141,A,T
MSU7_1_33144909_T-G,trait.marker,Pi35,1,33144909,T,G
MSU7_1_40072881_A-G,trait.marker,RYMV2,1,40072881,A,G
MSU7_1_40073902_C-A,trait.marker,RYMV2,1,40073902,C,A
MSU7_1_4743599_G-A,trait.marker,Rf3,1,4743599,G,A
MSU7_1_4797026_C-T,trait.marker,Rf3,1,4797026,C,T
MSU7_1_5024823_T-C,trait.marker,Rf3,1,5024823,T,C
MSU7_10_17077589_G-T,trait.marker,ehd1,10,17077589,C,T
MSU7_10_19330765_T-C,trait.marker,qCST10,10,19330765,T,C
MSU7_10_19463063_C-T,trait.marker,GFR1,10,19463063,C,T
MSU7_10_19463253_T-C,trait.marker,GFR1,10,19463253,T,C
MSU7_10_19463411_C-T,trait.marker,GFR1,10,19463411,C,T
MSU7_11_22141523_A-G,trait.marker,Xa23,11,22141523,A,G
MSU7_11_22225387_T-A,trait.marker,Xa23,11,22225387,T,A
MSU7_11_25264164_C-T,trait.marker,Pi54,11,25264164,C,T
MSU7_11_26377995_C-T,trait.marker,RYMV3,11,26377995,C,T
MSU7_11_26378164_C-G,trait.marker,RYMV3,11,26378164,C,G
MSU7_11_27975815_TA-CG,trait.marker,Pik,11,27975815,CG,TA
MSU7_11_27977546_T-G,trait.marker,Pik,11,27977546,G,T
MSU7_11_27979080_G-T,trait.marker,Pik,11,27979080,T,G
MSU7_11_27979787_C-T,trait.marker,Pik,11,27979787,T,C
MSU7_11_27980276_C-G,trait.marker,Pik,11,27980276,G,C
MSU7_11_27980673_C-T,trait.marker,Pik,11,27980673,T,C
MSU7_11_27981906_C-T,trait.marker,Pik,11,27981906,T,C
MSU7_11_27982970_C-G,trait.marker,Pik,11,27982970,G,C
MSU7_11_27985429_TT-GC,trait.marker,Pik,11,27985429,GC,TT
MSU7_12_10607554_C-A,trait.marker,Pita,12,10607554,A,C
MSU7_12_10830674_G-A,trait.marker,Ptr,12,10830674,G,A
MSU7_12_10833370_T-A,trait.marker,Ptr,12,10833370,T,A
MSU7_12_10833386_TG-AA,trait.marker,Ptr,12,10833386,TG,AA
MSU7_12_10833409_C-T,trait.marker,Ptr,11,10833409,T,C
MSU7_12_22885896_T-C,trait.marker,Bph9,12,22885896,C,T
MSU7_2_19365137_C-T,trait.marker,BEIIb,2,19365137,C,T
MSU7_2_19366170_C-A,trait.marker,BEIIb,2,19366170,C,A
MSU7_2_19366631_C-A,trait.marker,BEIIb,2,19366631,C,A
MSU7_3_15421809_C-T,trait.marker,TT1,3,15421809,C,T
MSU7_3_15422542_A-G,trait.marker,TT1,3,15422542,A,G
MSU7_3_15423345_A-G,trait.marker,TT1,3,15423345,A,G
MSU7_3_16734121_C-A,trait.marker,GS3,3,16734121,C,A
MSU7_3_28093193_A-G,trait.marker,LOX3,3,28093193,A,G
MSU7_3_31512460_T-A,trait.marker,Hd6a,3,31512460,T,A
MSU7_3_36149383_A-G,trait.marker,GNP1,3,36149383,A,G
MSU7_3_36149901_T-A,trait.marker,GNP1,3,36149901,T,A
MSU7_4_19796129_T-C,trait.marker,pi21,4,19796129,T,C
MSU7_4_19841202_T-C,trait.marker,pi21,4,19841202,T,C
MSU7_4_19841904_T-C,trait.marker,pi21,4,19841904,T,C
MSU7_4_23886659_Indel,trait.marker,BET1,4,23886659,T,-
MSU7_5_18815575_T-C,trait.marker,NGR5,5,18815575,T,C
MSU7_5_18816269_C-T,trait.marker,NGR5,5,18816269,C,T
MSU7_5_5360689_T-C,trait.marker,GW5,5,5360689,T,C
MSU7_6_10388389_TT-AA,trait.marker,Pi2/Piz,6,10388389,TT,AA
MSU7_6_10389352_A-T,trait.marker,Pi2/Piz,6,10389352,A,T
MSU7_6_15335402_G-A,trait.marker,BEIII,6,15335402,G,A
MSU7_6_15335573_A-C,trait.marker,BEIII,6,15335573,A,C
MSU7_6_15340178_G-A,trait.marker,BEIII,6,15340178,G,A
MSU7_6_15357538_A-T,trait.marker,BEIII,6,15357538,A,T
MSU7_6_15361336_G-C,trait.marker,BEIII,6,15361339,G,C
MSU7_6_1765761_T-G,trait.marker,Waxy,6,1765761,T,G
MSU7_6_1768795_G-A,trait.marker,Waxy,6,1768795,A,G
MSU7_6_1770848_C-G,trait.marker,Waxy,6,1770848,G,C
MSU7_6_23609519_A-C,trait.marker,qPSST6,6,23609519,A,C
MSU7_6_23609712_G-A,trait.marker,qPSST6,6,23609712,G,A
MSU7_6_27480778_G-C,trait.marker,SCM2,6,27480778,C,G
MSU7_6_2926913_G-T,trait.marker,RFT1,6,2926913,G,T
MSU7_6_2928178_G-A,trait.marker,RFT1,6,2928178,G,A
MSU7_6_2941965_T-A,trait.marker,Hd3a,6,2941965,T,A
MSU7_6_2942292_A-C,trait.marker,Hd3a,6,2942292,A,C
MSU7_6_30896555_C-T,trait.marker,BE1,6,30896555,C,T
MSU7_6_30899986_T-C,trait.marker,BE1,6,30899986,T,C
MSU7_6_5759185_A-T,trait.marker,S5,6,5759185,A,T
MSU7_6_5760052_A-G,trait.marker,S5,6,5760052,A,G
MSU7_6_5760918_C-A,trait.marker,S5,6,5760918,C,A
MSU7_6_5761006_C-T,trait.marker,S5,6,5761006,C,T
MSU7_6_5761511_C-T,trait.marker,S5,6,5761511,C,T
MSU7_6_6752756_A-G,trait.marker,GT,6,6752756,A,G
MSU7_6_9325033_C-A,trait.marker,Hd1,6,9325033,C,A
MSU7_6_9338004_Indel,trait.marker,Hd1,6,9338004,TT,-
MSU7_6_9338220_Indel,trait.marker,Hd1,6,9338220,AAAG,-
MSU7_7_12760070_A-C,trait.marker,OsHP,7,12760070,C,A
MSU7_7_24666398_A-G,trait.marker,SLG7,7,24666398,A,G
MSU7_7_24667068_A-G,trait.marker,SLG7,7,24667068,A,G
MSU7_7_25310132_T-C,trait.marker,qSOR1,7,25310132,T,C
MSU7_7_28305040_A-G,trait.marker,FZP,7,28305040,A,G
MSU7_7_29617124_T-C,trait.marker,Hd2,7,29617124,T,C
MSU7_7_29617554_C-T,trait.marker,Hd2,7,29617554,C,T
MSU7_7_29617569_C-G,trait.marker,Hd2,7,29617569,C,G
MSU7_7_29623011_C-T,trait.marker,Hd2,7,29623011,C,T
MSU7_7_29623803_A-G,trait.marker,Hd2,7,29623803,A,G
MSU7_7_29626599_A-G,trait.marker,Hd2,7,29626599,A,G
MSU7_7_29627021_A-G,trait.marker,Hd2,7,29627021,A,G
MSU7_7_29627240_T-G,trait.marker,Hd2,7,29627240,T,G
MSU7_7_29627357_Indel,trait.marker,Hd2,7,29627357,GAACGTTG,-
MSU7_7_29627590_A-C,trait.marker,Hd2,7,29627590,A,C
MSU7_7_29627810_A-G,trait.marker,Hd2,7,29627810,A,G
MSU7_7_9152479_C-G,trait.marker,Ghd7,7,9152479,G,C
MSU7_7_9154664_A-C,trait.marker,Ghd7,7,9154664,C,A
MSU7_8_20374951_T-G,trait.marker,fgr-1,8,20374951,T,G
MSU7_8_5140824_C-T,trait.marker,GPT1,8,5140824,C,T
MSU7_8_5140870_G-A,trait.marker,GPT1,8,5140870,G,A
MSU7_9_12269980_A-C,trait.marker,AG1,9,12269980,C,A
MSU7_9_12280726_A-G,trait.marker,AG1,9,12280726,G,A
MSU7_9_16308325_Indel,trait.marker,Dro1,9,16308325,T,C
MSU7_9_16767260_T-C,trait.marker,GS9,9,16767260,T,C
MSU7_9_6374718_A-G,trait.marker,Sub1,9,6374718,G,A
MSU7_9_6605118_T-G,trait.marker,Sub1,9,6605118,G,T
MSU7_9_9670039_C-T,trait.marker,Pii,9,9670039,C,T
MSU7_9_9672424_T-C,trait.marker,Pii,9,9672424,T,C
MSU7_9_9673187_G-C,trait.marker,Pii,9,9673187,G,C
PI54_5,trait.marker,Pi54,11,25263712,G,A
PIK_2,trait.marker,Pik,11,27982800,C,G
RF4,trait.marker,Rf4,10,18836046,C,T
RYMV1-4,trait.marker,RYMV1,4,24948686,T,C
RYMV1-5,trait.marker,RYMV1,4,24948702,-,CCAGTCAAT
SCT1_2,trait.marker,qSCT1,1,39213471,A,C
tms5-STOP,trait.marker,tms5,2,6397412,C,A
TSV1_UM,trait.marker,TSV1,7,22118459,C,T
MSU7_10_19462911_A-G,trait.marker,need additional info,10,19462911,A,G
MSU7_11_27983574_C-T,trait.marker,need additional info,11,27983574,C,T
MSU7_11_27984825_A-G,trait.marker,need additional info,11,27984825,A,G
MSU7_12_17394373_G-T,trait.marker,need additional info,12,17394373,G,T
MSU7_3_18437518_C-G,trait.marker,need additional info,3,18437518,C,G
MSU7_3_18437564_C-T,trait.marker,need additional info,3,18437564,C,T
MSU7_6_15335537_TTA-CTG,trait.marker,need additional info,6,15335537,TTA,CTG
MSU7_6_1771497_T-C,trait.marker,need additional info,6,1771497,T,C
MSU7_8_26501458_C-T,trait.marker,need additional info,8,26501458,C,T
MSU7_8_26505566_Indel,trait.marker,need additional info,8,26505566,CT,-
MSU7_9_14567436_Indel,trait.marker,need additional info,9,14567436,CCG,-
MSU7_9_16767396_T-G,trait.marker,need additional info,9,16767396,T,G
Os08g0424500 BADH2,trait.marker,fgr-1,8,20382857,AAAAGATTATGGC,TATAT
chr05_19516545,genome.wide,need additional info,5,19516545,C,A
chr07_7317122,genome.wide,need additional info,7,7317122,A,C
chr11_11715177,genome.wide,need additional info,11,11715177,T,C
chr12_23190179,genome.wide,need additional info,12,23190179,A,G
chr12_24145303,genome.wide,need additional info,12,24145303,G,A
