SNP_ID,SNP Class,Gene/QTL:,Chr,Posn,Allele_1,Allele_2,Allele,,,,
IRRI_SNP0001_CHR01_194844,genowide-SNP,,1,194844,A,G,,,,,
IRRI_SNP0002_CHR01_375814,genowide-SNP,,1,375814,G,T,,,,,
IRRI_SNP0003_CHR01_717702,genowide-SNP,,1,717702,A,G,,,,,
IRRI_SNP0005_CHR01_1044946,genowide-SNP,,1,1044946,A,G,,,,,
IRRI_SNP0006_CHR01_1175585,genowide-SNP,,1,1175585,A,G,,,,,
IRRI_SNP0008_CHR01_1532281,genowide-SNP,,1,1532281,A,C,,,,,
IRRI_SNP0009_CHR01_2100471,genowide-SNP,,1,2100471,C,T,,,,,
IRRI_SNP0010_CHR01_2277961,genowide-SNP,,1,2277961,C,T,,,,,
IRRI_SNP0011_CHR01_2532252,genowide-SNP,,1,2532252,C,T,,,,,
IRRI_SNP0012_CHR01_2726468,genowide-SNP,,1,2726468,C,T,,,,,
IRRI_SNP0013_CHR01_2865232,genowide-SNP,,1,2865232,C,T,,,,,
IRRI_SNP0014_CHR01_3236648,genowide-SNP,,1,3236648,A,C,,,,,
IRRI_SNP0015_CHR01_3529691,genowide-SNP,,1,3529691,A,G,,,,,
IRRI_SNP0016_CHR01_4167976,genowide-SNP,,1,4167976,A,G,,,,,
IRRI_SNP0017_CHR01_4307004,genowide-SNP,,1,4307004,C,T,,,,,
IRRI_SNP0018_CHR01_5064126,genowide-SNP,,1,5064126,C,T,,,,,
IRRI_SNP0020_CHR01_5510350,genowide-SNP,,1,5510350,G,T,,,,,
IRRI_SNP0021_CHR01_6130240,genowide-SNP,,1,6130240,G,T,,,,,
IRRI_SNP0022_CHR01_6543217,genowide-SNP,,1,6543217,C,T,,,,,
IRRI_SNP0024_CHR01_7068516,genowide-SNP,,1,7068516,A,G,,,,,
IRRI_SNP0025_CHR01_7563923,genowide-SNP,,1,7563923,A,G,,,,,
IRRI_SNP0027_CHR01_8760562,genowide-SNP,,1,8760562,A,G,,,,,
IRRI_SNP0028_CHR01_9164508,genowide-SNP,,1,9164508,A,G,,,,,
IRRI_SNP0030_CHR01_10100605,genowide-SNP,,1,10100605,A,G,,,,,
IRRI_SNP0031_CHR01_10202227,genowide-SNP,,1,10202227,A,G,,,,,
IRRI_SNP0032_CHR01_10645259,genowide-SNP,,1,10645259,C,T,,,,,
IRRI_SNP0033_CHR01_10846090,genowide-SNP,,1,10846090,A,G,,,,,
IRRI_SNP0034_CHR01_11250486,genowide-SNP,,1,11250486,A,G,,,,,
IRRI_SNP0035_CHR01_12216652,genowide-SNP,,1,12216652,A,G,,,,,
IRRI_SNP0036_CHR01_12335190,genowide-SNP,,1,12335190,C,T,,,,,
IRRI_SNP0037_CHR01_12809255,genowide-SNP,,1,12809255,A,G,,,,,
IRRI_SNP0040_CHR01_13442034,genowide-SNP,,1,13442034,C,T,,,,,
IRRI_SNP0041_CHR01_13777831,genowide-SNP,,1,13777831,C,T,,,,,
IRRI_SNP0042_CHR01_13902629,genowide-SNP,,1,13902629,A,G,,,,,
IRRI_SNP0043_CHR01_14375630,genowide-SNP,,1,14375630,A,G,,,,,
IRRI_SNP0044_CHR01_14508449,genowide-SNP,,1,14508449,C,T,,,,,
IRRI_SNP0045_CHR01_14937939,genowide-SNP,,1,14937939,A,G,,,,,
IRRI_SNP0046_CHR01_15092392,genowide-SNP,,1,15092392,A,G,,,,,
IRRI_SNP0047_CHR01_15393352,genowide-SNP,,1,15393352,A,T,,,,,
IRRI_SNP0048_CHR01_15883941,genowide-SNP,,1,15883941,C,T,,,,,
IRRI_SNP0049_CHR01_16113201,genowide-SNP,,1,16113201,G,T,,,,,
IRRI_SNP0050_CHR01_16284866,genowide-SNP,,1,16284866,A,G,,,,,
IRRI_SNP0051_CHR01_16596849,genowide-SNP,,1,16596849,A,C,,,,,
IRRI_SNP0052_CHR01_17008280,genowide-SNP,,1,17008280,A,G,,,,,
IRRI_SNP0053_CHR01_17219764,genowide-SNP,,1,17219764,A,T,,,,,
IRRI_SNP0054_CHR01_17426109,genowide-SNP,,1,17426109,A,G,,,,,
IRRI_SNP0056_CHR01_18102213,genowide-SNP,,1,18102213,A,G,,,,,
IRRI_SNP0057_CHR01_18332445,genowide-SNP,,1,18332445,G,T,,,,,
IRRI_SNP0058_CHR01_18501890,genowide-SNP,,1,18501890,A,G,,,,,
IRRI_SNP0060_CHR01_19008526,genowide-SNP,,1,19008526,A,G,,,,,
IRRI_SNP0061_CHR01_19308987,genowide-SNP,,1,19308987,A,G,,,,,
IRRI_SNP0063_CHR01_20262103,genowide-SNP,,1,20262103,C,T,,,,,
IRRI_SNP0064_CHR01_20418175,genowide-SNP,,1,20418175,C,T,,,,,
IRRI_SNP0065_CHR01_20562598,genowide-SNP,,1,20562598,A,T,,,,,
IRRI_SNP0066_CHR01_21011077,genowide-SNP,,1,21011077,A,G,,,,,
IRRI_SNP0069_CHR01_22554065,genowide-SNP,,1,22554065,C,T,,,,,
IRRI_SNP0071_CHR01_23091103,genowide-SNP,,1,23091103,A,C,,,,,
IRRI_SNP0072_CHR01_23240729,genowide-SNP,,1,23240729,A,G,,,,,
IRRI_SNP0073_CHR01_23656773,genowide-SNP,,1,23656773,A,C,,,,,
IRRI_SNP0074_CHR01_24050118,genowide-SNP,,1,24050118,A,G,,,,,
IRRI_SNP0076_CHR01_24722142,genowide-SNP,,1,24722142,C,T,,,,,
IRRI_SNP0078_CHR01_26187514,genowide-SNP,,1,26187514,C,T,,,,,
IRRI_SNP0079_CHR01_27046296,genowide-SNP,,1,27046296,G,T,,,,,
IRRI_SNP0080_CHR01_27330724,genowide-SNP,,1,27330724,A,G,,,,,
IRRI_SNP0081_CHR01_28142020,genowide-SNP,,1,28142020,A,T,,,,,
IRRI_SNP0082_CHR01_28478660,genowide-SNP,,1,28478660,C,T,,,,,
IRRI_SNP0083_CHR01_28826738,genowide-SNP,,1,28826738,A,C,,,,,
IRRI_SNP0085_CHR01_30569798,genowide-SNP,,1,30569798,A,G,,,,,
IRRI_SNP0086_CHR01_31396842,genowide-SNP,,1,31396842,G,T,,,,,
IRRI_SNP0087_CHR01_32041358,genowide-SNP,,1,32041358,A,G,,,,,
IRRI_SNP0088_CHR01_32359998,genowide-SNP,,1,32359998,G,T,,,,,
IRRI_SNP0089_CHR01_32563460,genowide-SNP,,1,32563460,A,G,,,,,
IRRI_SNP0090_CHR01_32766139,genowide-SNP,,1,32766139,A,G,,,,,
IRRI_SNP0091_CHR01_33164035,genowide-SNP,,1,33164035,A,G,,,,,
IRRI_SNP0092_CHR01_33472174,genowide-SNP,,1,33472174,C,T,,,,,
IRRI_SNP0093_CHR01_33695501,genowide-SNP,,1,33695501,A,T,,,,,
IRRI_SNP0094_CHR01_33901317,genowide-SNP,,1,33901317,G,T,,,,,
IRRI_SNP0095_CHR01_34201543,genowide-SNP,,1,34201543,A,G,,,,,
IRRI_SNP0096_CHR01_34363755,genowide-SNP,,1,34363755,A,C,,,,,
IRRI_SNP0097_CHR01_34508997,genowide-SNP,,1,34508997,C,T,,,,,
IRRI_SNP0098_CHR01_35259107,genowide-SNP,,1,35259107,A,T,,,,,
IRRI_SNP0099_CHR01_35589637,genowide-SNP,,1,35589637,C,T,,,,,
IRRI_SNP0100_CHR01_35794891,genowide-SNP,,1,35794891,C,T,,,,,
IRRI_SNP0101_CHR01_36150523,genowide-SNP,,1,36150523,A,T,,,,,
IRRI_SNP0103_CHR01_37274755,genowide-SNP,,1,37274755,C,T,,,,,
IRRI_SNP0104_CHR01_37680628,genowide-SNP,,1,37680628,A,G,,,,,
IRRI_SNP0105_CHR01_37920337,genowide-SNP,,1,37920337,A,T,,,,,
IRRI_SNP0106_CHR01_38632196,genowide-SNP,,1,38632196,A,T,,,,,
IRRI_SNP0107_CHR01_39548506,genowide-SNP,,1,39548506,C,T,,,,,
IRRI_SNP0108_CHR01_39955529,genowide-SNP,,1,39955529,A,C,,,,,
IRRI_SNP0109_CHR01_40699488,genowide-SNP,,1,40699488,A,G,,,,,
IRRI_SNP0110_CHR01_41020155,genowide-SNP,,1,41020155,C,T,,,,,
IRRI_SNP0112_CHR01_41911439,genowide-SNP,,1,41911439,A,T,,,,,
IRRI_SNP0113_CHR01_42425574,genowide-SNP,,1,42425574,A,G,,,,,
IRRI_SNP0115_CHR01_42877440,genowide-SNP,,1,42877440,C,T,,,,,
IRRI_SNP0116_CHR01_43074709,genowide-SNP,,1,43074709,G,T,,,,,
IRRI_SNP0117_CHR02_103273,genowide-SNP,,2,103273,A,T,,,,,
IRRI_SNP0118_CHR02_316859,genowide-SNP,,2,316859,C,T,,,,,
IRRI_SNP0119_CHR02_494373,genowide-SNP,,2,494373,C,T,,,,,
IRRI_SNP0120_CHR02_629512,genowide-SNP,,2,629512,A,G,,,,,
IRRI_SNP0121_CHR02_890901,genowide-SNP,,2,890901,C,T,,,,,
IRRI_SNP0122_CHR02_1082416,genowide-SNP,,2,1082416,A,G,,,,,
IRRI_SNP0124_CHR02_1380527,genowide-SNP,,2,1380527,A,G,,,,,
IRRI_SNP0125_CHR02_1487009,genowide-SNP,,2,1487009,C,T,,,,,
IRRI_SNP0126_CHR02_1660713,genowide-SNP,,2,1660713,C,T,,,,,
IRRI_SNP0127_CHR02_2008370,genowide-SNP,,2,2008370,C,T,,,,,
IRRI_SNP0128_CHR02_2334960,genowide-SNP,,2,2334960,C,T,,,,,
IRRI_SNP0129_CHR02_2819095,genowide-SNP,,2,2819095,C,T,,,,,
IRRI_SNP0130_CHR02_2983451,genowide-SNP,,2,2983451,A,G,,,,,
IRRI_SNP0131_CHR02_3136771,genowide-SNP,,2,3136771,A,T,,,,,
IRRI_SNP0132_CHR02_3477202,genowide-SNP,,2,3477202,A,C,,,,,
IRRI_SNP0134_CHR02_4047646,genowide-SNP,,2,4047646,A,G,,,,,
IRRI_SNP0135_CHR02_4342883,genowide-SNP,,2,4342883,C,T,,,,,
IRRI_SNP0136_CHR02_4823175,genowide-SNP,,2,4823175,C,T,,,,,
IRRI_SNP0137_CHR02_4930742,genowide-SNP,,2,4930742,C,T,,,,,
IRRI_SNP0142_CHR02_6373446,genowide-SNP,,2,6373446,C,G,,,,,
IRRI_SNP0143_CHR02_6805305,genowide-SNP,,2,6805305,A,T,,,,,
IRRI_SNP0144_CHR02_7238793,genowide-SNP,,2,7238793,A,G,,,,,
IRRI_SNP0145_CHR02_7342223,genowide-SNP,,2,7342223,G,T,,,,,
IRRI_SNP0146_CHR02_8019748,genowide-SNP,,2,8019748,G,T,,,,,
IRRI_SNP0147_CHR02_8814718,genowide-SNP,,2,8814718,A,G,,,,,
IRRI_SNP0148_CHR02_9570228,genowide-SNP,,2,9570228,A,G,,,,,
IRRI_SNP0150_CHR02_9975660,genowide-SNP,,2,9975660,A,G,,,,,
IRRI_SNP0151_CHR02_10555263,genowide-SNP,,2,10555263,C,T,,,,,
IRRI_SNP0152_CHR02_10874369,genowide-SNP,,2,10874369,G,T,,,,,
IRRI_SNP0154_CHR02_11701123,genowide-SNP,,2,11701123,A,G,,,,,
IRRI_SNP0155_CHR02_13962476,genowide-SNP,,2,13962476,A,T,,,,,
IRRI_SNP0157_CHR02_16464872,genowide-SNP,,2,16464872,C,T,,,,,
IRRI_SNP0158_CHR02_16919033,genowide-SNP,,2,16919033,A,G,,,,,
IRRI_SNP0159_CHR02_17160895,genowide-SNP,,2,17160895,C,T,,,,,
IRRI_SNP0160_CHR02_17497082,genowide-SNP,,2,17497082,A,G,,,,,
IRRI_SNP0161_CHR02_17789129,genowide-SNP,,2,17789129,A,G,,,,,
IRRI_SNP0162_CHR02_18370293,genowide-SNP,,2,18370293,A,G,,,,,
IRRI_SNP0163_CHR02_18811812,genowide-SNP,,2,18811812,G,T,,,,,
IRRI_SNP0165_CHR02_19642635,genowide-SNP,,2,19642635,C,T,,,,,
IRRI_SNP0167_CHR02_20145859,genowide-SNP,,2,20145859,C,T,,,,,
IRRI_SNP0168_CHR02_20824958,genowide-SNP,,2,20824958,A,G,,,,,
IRRI_SNP0169_CHR02_21060669,genowide-SNP,,2,21060669,C,T,,,,,
IRRI_SNP0170_CHR02_21832777,genowide-SNP,,2,21832777,A,G,,,,,
IRRI_SNP0171_CHR02_22340836,genowide-SNP,,2,22340836,C,T,,,,,
IRRI_SNP0172_CHR02_23073414,genowide-SNP,,2,23073414,G,T,,,,,
IRRI_SNP0173_CHR02_23396915,genowide-SNP,,2,23396915,A,C,,,,,
IRRI_SNP0174_CHR02_23538743,genowide-SNP,,2,23538743,A,G,,,,,
IRRI_SNP0175_CHR02_23852677,genowide-SNP,,2,23852677,A,G,,,,,
IRRI_SNP0176_CHR02_24168273,genowide-SNP,,2,24168273,A,G,,,,,
IRRI_SNP0177_CHR02_24264653,genowide-SNP,,2,24264653,A,C,,,,,
IRRI_SNP0178_CHR02_24772301,genowide-SNP,,2,24772301,A,C,,,,,
IRRI_SNP0179_CHR02_24887320,genowide-SNP,,2,24887320,C,T,,,,,
IRRI_SNP0180_CHR02_25193353,genowide-SNP,,2,25193353,C,T,,,,,
IRRI_SNP0181_CHR02_25415397,genowide-SNP,,2,25415397,A,T,,,,,
IRRI_SNP0182_CHR02_25949636,genowide-SNP,,2,25949636,A,C,,,,,
IRRI_SNP0183_CHR02_26406867,genowide-SNP,,2,26406867,A,G,,,,,
IRRI_SNP0184_CHR02_27548893,genowide-SNP,,2,27548893,A,C,,,,,
IRRI_SNP0185_CHR02_28049479,genowide-SNP,,2,28049479,A,G,,,,,
IRRI_SNP0186_CHR02_28211032,genowide-SNP,,2,28211032,C,T,,,,,
IRRI_SNP0187_CHR02_28778297,genowide-SNP,,2,28778297,A,G,,,,,
IRRI_SNP0188_CHR02_29011747,genowide-SNP,,2,29011747,A,T,,,,,
IRRI_SNP0189_CHR02_29415200,genowide-SNP,,2,29415200,C,T,,,,,
IRRI_SNP0190_CHR02_29568762,genowide-SNP,,2,29568762,C,T,,,,,
IRRI_SNP0191_CHR02_29718772,genowide-SNP,,2,29718772,C,T,,,,,
IRRI_SNP0192_CHR02_30345735,genowide-SNP,,2,30345735,A,C,,,,,
IRRI_SNP0193_CHR02_30530432,genowide-SNP,,2,30530432,A,G,,,,,
IRRI_SNP0194_CHR02_31135814,genowide-SNP,,2,31135814,C,T,,,,,
IRRI_SNP0196_CHR02_31678155,genowide-SNP,,2,31678155,G,T,,,,,
IRRI_SNP0197_CHR02_31914486,genowide-SNP,,2,31914486,A,G,,,,,
IRRI_SNP0198_CHR02_32101050,genowide-SNP,,2,32101050,A,G,,,,,
IRRI_SNP0199_CHR02_32303539,genowide-SNP,,2,32303539,A,T,,,,,
IRRI_SNP0200_CHR02_33035683,genowide-SNP,,2,33035683,A,G,,,,,
IRRI_SNP0202_CHR02_34072964,genowide-SNP,,2,34072964,C,T,,,,,
IRRI_SNP0203_CHR02_34425408,genowide-SNP,,2,34425408,A,G,,,,,
IRRI_SNP0204_CHR02_34707946,genowide-SNP,,2,34707946,G,T,,,,,
IRRI_SNP0205_CHR02_34865754,genowide-SNP,,2,34865754,A,G,,,,,
IRRI_SNP0206_CHR02_34868096,genowide-SNP,,2,34868096,A,G,,,,,
IRRI_SNP0207_CHR02_35216781,genowide-SNP,,2,35216781,A,C,,,,,
IRRI_SNP0208_CHR02_35401891,genowide-SNP,,2,35401891,A,C,,,,,
IRRI_SNP0209_CHR02_35568365,genowide-SNP,,2,35568365,A,G,,,,,
IRRI_SNP0210_CHR02_35818319,genowide-SNP,,2,35818319,C,T,,,,,
IRRI_SNP0211_CHR03_484812,genowide-SNP,,3,484812,C,T,,,,,
IRRI_SNP0212_CHR03_851785,genowide-SNP,,3,851785,C,T,,,,,
IRRI_SNP0213_CHR03_1270943,genowide-SNP,,3,1270943,A,G,,,,,
IRRI_SNP0215_CHR03_1761412,genowide-SNP,,3,1761412,A,G,,,,,
IRRI_SNP0216_CHR03_2151496,genowide-SNP,,3,2151496,A,G,,,,,
IRRI_SNP0217_CHR03_2885423,genowide-SNP,,3,2885423,C,T,,,,,
IRRI_SNP0218_CHR03_3382980,genowide-SNP,,3,3382980,G,T,,,,,
IRRI_SNP0219_CHR03_3657643,genowide-SNP,,3,3657643,C,G,,,,,
IRRI_SNP0220_CHR03_4047654,genowide-SNP,,3,4047654,C,T,,,,,
IRRI_SNP0221_CHR03_4321231,genowide-SNP,,3,4321231,C,T,,,,,
IRRI_SNP0222_CHR03_5109298,genowide-SNP,,3,5109298,C,T,,,,,
IRRI_SNP0223_CHR03_5880211,genowide-SNP,,3,5880211,C,T,,,,,
IRRI_SNP0224_CHR03_6283461,genowide-SNP,,3,6283461,C,T,,,,,
IRRI_SNP0225_CHR03_6902921,genowide-SNP,,3,6902921,A,G,,,,,
IRRI_SNP0226_CHR03_7200676,genowide-SNP,,3,7200676,A,T,,,,,
IRRI_SNP0228_CHR03_7798537,genowide-SNP,,3,7798537,A,G,,,,,
IRRI_SNP0229_CHR03_8532555,genowide-SNP,,3,8532555,A,G,,,,,
IRRI_SNP0230_CHR03_8711509,genowide-SNP,,3,8711509,A,G,,,,,
IRRI_SNP0231_CHR03_9026803,genowide-SNP,,3,9026803,C,T,,,,,
IRRI_SNP0232_CHR03_9375374,genowide-SNP,,3,9375374,A,G,,,,,
IRRI_SNP0233_CHR03_9636224,genowide-SNP,,3,9636224,C,T,,,,,
IRRI_SNP0234_CHR03_9751213,genowide-SNP,,3,9751213,C,T,,,,,
IRRI_SNP0236_CHR03_10184356,genowide-SNP,,3,10184356,A,G,,,,,
IRRI_SNP0237_CHR03_10304250,genowide-SNP,,3,10304250,A,G,,,,,
IRRI_SNP0238_CHR03_10544320,genowide-SNP,,3,10544320,C,T,,,,,
IRRI_SNP0239_CHR03_10798982,genowide-SNP,,3,10798982,C,T,,,,,
IRRI_SNP0241_CHR03_11644944,genowide-SNP,,3,11644944,C,T,,,,,
IRRI_SNP0242_CHR03_11851886,genowide-SNP,,3,11851886,A,C,,,,,
IRRI_SNP0243_CHR03_12564300,genowide-SNP,,3,12564300,C,T,,,,,
IRRI_SNP0244_CHR03_13224089,genowide-SNP,,3,13224089,C,T,,,,,
IRRI_SNP0245_CHR03_13932387,genowide-SNP,,3,13932387,A,C,,,,,
IRRI_SNP0246_CHR03_14169727,genowide-SNP,,3,14169727,G,T,,,,,
IRRI_SNP0247_CHR03_14554651,genowide-SNP,,3,14554651,C,G,,,,,
IRRI_SNP0249_CHR03_15072791,genowide-SNP,,3,15072791,A,C,,,,,
IRRI_SNP0250_CHR03_15365726,genowide-SNP,,3,15365726,G,T,,,,,
IRRI_SNP0252_CHR03_17307455,genowide-SNP,,3,17307455,G,T,,,,,
IRRI_SNP0254_CHR03_18273682,genowide-SNP,,3,18273682,C,T,,,,,
IRRI_SNP0255_CHR03_18629240,genowide-SNP,,3,18629240,A,G,,,,,
IRRI_SNP0256_CHR03_19667207,genowide-SNP,,3,19667207,C,T,,,,,
IRRI_SNP0258_CHR03_20664396,genowide-SNP,,3,20664396,A,G,,,,,
IRRI_SNP0259_CHR03_21003404,genowide-SNP,,3,21003404,C,T,,,,,
IRRI_SNP0260_CHR03_22050510,genowide-SNP,,3,22050510,C,T,,,,,
IRRI_SNP0261_CHR03_22633713,genowide-SNP,,3,22633713,A,G,,,,,
IRRI_SNP0262_CHR03_23037368,genowide-SNP,,3,23037368,G,T,,,,,
IRRI_SNP0264_CHR03_23851835,genowide-SNP,,3,23851835,G,T,,,,,
IRRI_SNP0265_CHR03_24413888,genowide-SNP,,3,24413888,A,G,,,,,
IRRI_SNP0267_CHR03_25157655,genowide-SNP,,3,25157655,A,G,,,,,
IRRI_SNP0268_CHR03_25259336,genowide-SNP,,3,25259336,A,G,,,,,
IRRI_SNP0269_CHR03_25530777,genowide-SNP,,3,25530777,A,G,,,,,
IRRI_SNP0270_CHR03_25833182,genowide-SNP,,3,25833182,G,T,,,,,
IRRI_SNP0271_CHR03_26334305,genowide-SNP,,3,26334305,C,T,,,,,
IRRI_SNP0272_CHR03_26456796,genowide-SNP,,3,26456796,G,T,,,,,
IRRI_SNP0274_CHR03_26982172,genowide-SNP,,3,26982172,A,T,,,,,
IRRI_SNP0275_CHR03_27275567,genowide-SNP,,3,27275567,G,T,,,,,
IRRI_SNP0276_CHR03_27494934,genowide-SNP,,3,27494934,C,T,,,,,
IRRI_SNP0277_CHR03_27813704,genowide-SNP,,3,27813704,A,G,,,,,
IRRI_SNP0278_CHR03_28851199,genowide-SNP,,3,28851199,A,C,,,,,
IRRI_SNP0280_CHR03_29430694,genowide-SNP,,3,29430694,A,T,,,,,
IRRI_SNP0281_CHR03_30247826,genowide-SNP,,3,30247826,G,T,,,,,
IRRI_SNP0282_CHR03_30604896,genowide-SNP,,3,30604896,C,T,,,,,
IRRI_SNP0284_CHR03_31190989,genowide-SNP,,3,31190989,A,G,,,,,
IRRI_SNP0285_CHR03_31427789,genowide-SNP,,3,31427789,G,T,,,,,
IRRI_SNP0286_CHR03_31614921,genowide-SNP,,3,31614921,A,T,,,,,
IRRI_SNP0288_CHR03_32063693,genowide-SNP,,3,32063693,C,T,,,,,
IRRI_SNP0289_CHR03_32430702,genowide-SNP,,3,32430702,A,C,,,,,
IRRI_SNP0290_CHR03_32577650,genowide-SNP,,3,32577650,A,G,,,,,
IRRI_SNP0291_CHR03_32832500,genowide-SNP,,3,32832500,A,T,,,,,
IRRI_SNP0295_CHR03_34275405,genowide-SNP,,3,34275405,A,G,,,,,
IRRI_SNP0296_CHR03_34476308,genowide-SNP,,3,34476308,C,T,,,,,
IRRI_SNP0297_CHR03_34678981,genowide-SNP,,3,34678981,G,T,,,,,
IRRI_SNP0299_CHR03_35093761,genowide-SNP,,3,35093761,A,G,,,,,
IRRI_SNP0300_CHR03_35636092,genowide-SNP,,3,35636092,A,G,,,,,
IRRI_SNP0301_CHR03_35824355,genowide-SNP,,3,35824355,A,C,,,,,
IRRI_SNP0302_CHR03_36206765,genowide-SNP,,3,36206765,C,T,,,,,
IRRI_SNP0303_CHR04_193676,genowide-SNP,,4,193676,A,T,,,,,
IRRI_SNP0305_CHR04_1022225,genowide-SNP,,4,1022225,A,G,,,,,
IRRI_SNP0306_CHR04_1136986,genowide-SNP,,4,1136986,C,T,,,,,
IRRI_SNP0308_CHR04_1719865,genowide-SNP,,4,1719865,C,T,,,,,
IRRI_SNP0310_CHR04_3411505,genowide-SNP,,4,3411505,A,C,,,,,
IRRI_SNP0311_CHR04_4456304,genowide-SNP,,4,4456304,C,T,,,,,
IRRI_SNP0312_CHR04_5111222,genowide-SNP,,4,5111222,C,T,,,,,
IRRI_SNP0313_CHR04_5526487,genowide-SNP,,4,5526487,A,G,,,,,
IRRI_SNP0315_CHR04_6027557,genowide-SNP,,4,6027557,C,T,,,,,
IRRI_SNP0317_CHR04_6596219,genowide-SNP,,4,6596219,C,T,,,,,
IRRI_SNP0318_CHR04_6913215,genowide-SNP,,4,6913215,A,G,,,,,
IRRI_SNP0319_CHR04_7170237,genowide-SNP,,4,7170237,C,T,,,,,
IRRI_SNP0320_CHR04_7304413,genowide-SNP,,4,7304413,G,T,,,,,
IRRI_SNP0321_CHR04_7871436,genowide-SNP,,4,7871436,C,T,,,,,
IRRI_SNP0322_CHR04_8217877,genowide-SNP,,4,8217877,A,G,,,,,
IRRI_SNP0324_CHR04_10077188,genowide-SNP,,4,10077188,A,G,,,,,
IRRI_SNP0325_CHR04_10468507,genowide-SNP,,4,10468507,A,G,,,,,
IRRI_SNP0326_CHR04_10991011,genowide-SNP,,4,10991011,C,T,,,,,
IRRI_SNP0328_CHR04_11645506,genowide-SNP,,4,11645506,C,T,,,,,
IRRI_SNP0329_CHR04_11879947,genowide-SNP,,4,11879947,A,G,,,,,
IRRI_SNP0333_CHR04_12594753,genowide-SNP,,4,12594753,A,G,,,,,
IRRI_SNP0334_CHR04_12665796,genowide-SNP,,4,12665796,C,T,,,,,
IRRI_SNP0335_CHR04_12684621,genowide-SNP,,4,12684621,C,T,,,,,
IRRI_SNP0336_CHR04_12711415,genowide-SNP,,4,12711415,C,T,,,,,
IRRI_SNP0337_CHR04_12955347,genowide-SNP,,4,12955347,C,T,,,,,
IRRI_SNP0338_CHR04_13551673,genowide-SNP,,4,13551673,A,G,,,,,
IRRI_SNP0339_CHR04_13665093,genowide-SNP,,4,13665093,C,T,,,,,
IRRI_SNP0340_CHR04_14229856,genowide-SNP,,4,14229856,C,T,,,,,
IRRI_SNP0341_CHR04_14814591,genowide-SNP,,4,14814591,A,G,,,,,
IRRI_SNP0342_CHR04_15389648,genowide-SNP,,4,15389648,A,G,,,,,
IRRI_SNP0343_CHR04_15944977,genowide-SNP,,4,15944977,G,T,,,,,
IRRI_SNP0344_CHR04_16289829,genowide-SNP,,4,16289829,A,C,,,,,
IRRI_SNP0346_CHR04_16715200,genowide-SNP,,4,16715200,A,C,,,,,
IRRI_SNP0347_CHR04_17465113,genowide-SNP,,4,17465113,G,T,,,,,
IRRI_SNP0348_CHR04_17666183,genowide-SNP,,4,17666183,G,T,,,,,
IRRI_SNP0350_CHR04_18136052,genowide-SNP,,4,18136052,A,C,,,,,
IRRI_SNP0351_CHR04_18706317,genowide-SNP,,4,18706317,A,G,,,,,
IRRI_SNP0352_CHR04_19123643,genowide-SNP,,4,19123643,A,G,,,,,
IRRI_SNP0353_CHR04_19353709,genowide-SNP,,4,19353709,A,G,,,,,
IRRI_SNP0354_CHR04_20507218,genowide-SNP,,4,20507218,A,G,,,,,
IRRI_SNP0355_CHR04_21237749,genowide-SNP,,4,21237749,C,T,,,,,
IRRI_SNP0356_CHR04_21517348,genowide-SNP,,4,21517348,G,T,,,,,
IRRI_SNP0357_CHR04_21864875,genowide-SNP,,4,21864875,A,G,,,,,
IRRI_SNP0358_CHR04_22435296,genowide-SNP,,4,22435296,A,G,,,,,
IRRI_SNP0359_CHR04_22808095,genowide-SNP,,4,22808095,A,G,,,,,
IRRI_SNP0360_CHR04_23046635,genowide-SNP,,4,23046635,A,T,,,,,
IRRI_SNP0361_CHR04_23248365,genowide-SNP,,4,23248365,C,T,,,,,
IRRI_SNP0363_CHR04_23846299,genowide-SNP,,4,23846299,G,T,,,,,
IRRI_SNP0365_CHR04_25245272,genowide-SNP,,4,25245272,A,G,,,,,
IRRI_SNP0366_CHR04_25437295,genowide-SNP,,4,25437295,A,C,,,,,
IRRI_SNP0367_CHR04_26309089,genowide-SNP,,4,26309089,C,T,,,,,
IRRI_SNP0368_CHR04_26545849,genowide-SNP,,4,26545849,A,G,,,,,
IRRI_SNP0369_CHR04_26832471,genowide-SNP,,4,26832471,A,C,,,,,
IRRI_SNP0370_CHR04_27540988,genowide-SNP,,4,27540988,A,C,,,,,
IRRI_SNP0371_CHR04_28004788,genowide-SNP,,4,28004788,C,T,,,,,
IRRI_SNP0372_CHR04_28901886,genowide-SNP,,4,28901886,C,T,,,,,
IRRI_SNP0374_CHR04_29533215,genowide-SNP,,4,29533215,C,T,,,,,
IRRI_SNP0375_CHR04_29715617,genowide-SNP,,4,29715617,A,G,,,,,
IRRI_SNP0376_CHR04_29881066,genowide-SNP,,4,29881066,A,C,,,,,
IRRI_SNP0377_CHR04_30174083,genowide-SNP,,4,30174083,C,T,,,,,
IRRI_SNP0378_CHR04_30438901,genowide-SNP,,4,30438901,A,G,,,,,
IRRI_SNP0379_CHR04_30879875,genowide-SNP,,4,30879875,C,T,,,,,
IRRI_SNP0380_CHR04_31509863,genowide-SNP,,4,31509863,A,G,,,,,
IRRI_SNP0382_CHR04_32038496,genowide-SNP,,4,32038496,A,G,,,,,
IRRI_SNP0383_CHR04_32189893,genowide-SNP,,4,32189893,C,T,,,,,
IRRI_SNP0385_CHR04_33073892,genowide-SNP,,4,33073892,A,G,,,,,
IRRI_SNP0386_CHR04_33448911,genowide-SNP,,4,33448911,G,T,,,,,
IRRI_SNP0387_CHR04_34643455,genowide-SNP,,4,34643455,A,G,,,,,
IRRI_SNP0388_CHR04_34925111,genowide-SNP,,4,34925111,G,T,,,,,
IRRI_SNP0390_CHR04_35395197,genowide-SNP,,4,35395197,C,T,,,,,
IRRI_SNP0391_CHR05_44806,genowide-SNP,,5,44806,C,G,,,,,
IRRI_SNP0392_CHR05_201193,genowide-SNP,,5,201193,A,C,,,,,
IRRI_SNP0393_CHR05_437499,genowide-SNP,,5,437499,A,T,,,,,
IRRI_SNP0394_CHR05_440644,genowide-SNP,,5,440644,A,G,,,,,
IRRI_SNP0395_CHR05_661832,genowide-SNP,,5,661832,A,G,,,,,
IRRI_SNP0396_CHR05_922530,genowide-SNP,,5,922530,A,G,,,,,
IRRI_SNP0398_CHR05_1487229,genowide-SNP,,5,1487229,C,T,,,,,
IRRI_SNP0399_CHR05_1832604,genowide-SNP,,5,1832604,G,T,,,,,
IRRI_SNP0400_CHR05_2045112,genowide-SNP,,5,2045112,G,T,,,,,
IRRI_SNP0401_CHR05_2291156,genowide-SNP,,5,2291156,C,T,,,,,
IRRI_SNP0404_CHR05_3092113,genowide-SNP,,5,3092113,C,T,,,,,
IRRI_SNP0405_CHR05_3470087,genowide-SNP,,5,3470087,A,C,,,,,
IRRI_SNP0406_CHR05_3817643,genowide-SNP,,5,3817643,C,T,,,,,
IRRI_SNP0407_CHR05_4205413,genowide-SNP,,5,4205413,A,C,,,,,
IRRI_SNP0408_CHR05_4589783,genowide-SNP,,5,4589783,G,T,,,,,
IRRI_SNP0409_CHR05_4819475,genowide-SNP,,5,4819475,G,T,,,,,
IRRI_SNP0410_CHR05_4953754,genowide-SNP,,5,4953754,A,G,,,,,
IRRI_SNP0411_CHR05_6129755,genowide-SNP,,5,6129755,A,G,,,,,
IRRI_SNP0412_CHR05_6544781,genowide-SNP,,5,6544781,A,C,,,,,
IRRI_SNP0413_CHR05_6607675,genowide-SNP,,5,6607675,C,T,,,,,
IRRI_SNP0414_CHR05_6833061,genowide-SNP,,5,6833061,C,T,,,,,
IRRI_SNP0415_CHR05_7195992,genowide-SNP,,5,7195992,A,G,,,,,
IRRI_SNP0416_CHR05_7328783,genowide-SNP,,5,7328783,A,G,,,,,
IRRI_SNP0417_CHR05_7706179,genowide-SNP,,5,7706179,A,G,,,,,
IRRI_SNP0418_CHR05_8080666,genowide-SNP,,5,8080666,A,G,,,,,
IRRI_SNP0419_CHR05_8384781,genowide-SNP,,5,8384781,A,G,,,,,
IRRI_SNP0420_CHR05_8585466,genowide-SNP,,5,8585466,C,T,,,,,
IRRI_SNP0422_CHR05_9712988,genowide-SNP,,5,9712988,C,T,,,,,
IRRI_SNP0423_CHR05_10539124,genowide-SNP,,5,10539124,A,G,,,,,
IRRI_SNP0424_CHR05_10886331,genowide-SNP,,5,10886331,C,T,,,,,
IRRI_SNP0425_CHR05_11679660,genowide-SNP,,5,11679660,C,T,,,,,
IRRI_SNP0426_CHR05_13325546,genowide-SNP,,5,13325546,C,T,,,,,
IRRI_SNP0427_CHR05_13768744,genowide-SNP,,5,13768744,C,T,,,,,
IRRI_SNP0428_CHR05_14412355,genowide-SNP,,5,14412355,A,G,,,,,
IRRI_SNP0430_CHR05_14928105,genowide-SNP,,5,14928105,A,G,,,,,
IRRI_SNP0433_CHR05_16262586,genowide-SNP,,5,16262586,A,C,,,,,
IRRI_SNP0434_CHR05_16500527,genowide-SNP,,5,16500527,A,G,,,,,
IRRI_SNP0435_CHR05_16752221,genowide-SNP,,5,16752221,A,C,,,,,
IRRI_SNP0436_CHR05_16955234,genowide-SNP,,5,16955234,G,T,,,,,
IRRI_SNP0437_CHR05_17012134,genowide-SNP,,5,17012134,A,G,,,,,
IRRI_SNP0438_CHR05_17017106,genowide-SNP,,5,17017106,C,T,,,,,
IRRI_SNP0440_CHR05_18405433,genowide-SNP,,5,18405433,C,T,,,,,
IRRI_SNP0441_CHR05_18816269,genowide-SNP,,5,18816269,C,T,,,,,
IRRI_SNP0442_CHR05_19098650,genowide-SNP,,5,19098650,C,T,,,,,
IRRI_SNP0443_CHR05_19155333,genowide-SNP,,5,19155333,A,G,,,,,
IRRI_SNP0445_CHR05_19723342,genowide-SNP,,5,19723342,A,G,,,,,
IRRI_SNP0446_CHR05_19974373,genowide-SNP,,5,19974373,A,G,,,,,
IRRI_SNP0447_CHR05_20331215,genowide-SNP,,5,20331215,A,C,,,,,
IRRI_SNP0448_CHR05_20551103,genowide-SNP,,5,20551103,C,T,,,,,
IRRI_SNP0449_CHR05_21494622,genowide-SNP,,5,21494622,C,T,,,,,
IRRI_SNP0452_CHR05_22711811,genowide-SNP,,5,22711811,A,G,,,,,
IRRI_SNP0453_CHR05_23143060,genowide-SNP,,5,23143060,A,C,,,,,
IRRI_SNP0454_CHR05_23661597,genowide-SNP,,5,23661597,A,C,,,,,
IRRI_SNP0456_CHR05_24090514,genowide-SNP,,5,24090514,A,C,,,,,
IRRI_SNP0457_CHR05_25234430,genowide-SNP,,5,25234430,A,G,,,,,
IRRI_SNP0459_CHR05_27086886,genowide-SNP,,5,27086886,A,G,,,,,
IRRI_SNP0461_CHR05_27531788,genowide-SNP,,5,27531788,A,G,,,,,
IRRI_SNP0462_CHR05_27627633,genowide-SNP,,5,27627633,A,G,,,,,
IRRI_SNP0463_CHR05_27899049,genowide-SNP,,5,27899049,G,T,,,,,
IRRI_SNP0464_CHR05_28101376,genowide-SNP,,5,28101376,A,G,,,,,
IRRI_SNP0465_CHR05_28344771,genowide-SNP,,5,28344771,A,G,,,,,
IRRI_SNP0467_CHR05_28772543,genowide-SNP,,5,28772543,C,G,,,,,
IRRI_SNP0468_CHR05_29100308,genowide-SNP,,5,29100308,A,G,,,,,
IRRI_SNP0470_CHR06_244274,genowide-SNP,,6,244274,A,G,,,,,
IRRI_SNP0471_CHR06_400753,genowide-SNP,,6,400753,A,G,,,,,
IRRI_SNP0472_CHR06_646915,genowide-SNP,,6,646915,A,G,,,,,
IRRI_SNP0473_CHR06_677288,genowide-SNP,,6,677288,A,G,,,,,
IRRI_SNP0474_CHR06_1272777,genowide-SNP,,6,1272777,A,G,,,,,
IRRI_SNP0475_CHR06_1378891,genowide-SNP,,6,1378891,A,G,,,,,
IRRI_SNP0476_CHR06_1521855,genowide-SNP,,6,1521855,A,C,,,,,
IRRI_SNP0478_CHR06_1768006,genowide-SNP,,6,1768006,A,C,,,,,
IRRI_SNP0479_CHR06_1768998,genowide-SNP,,6,1768998,C,T,,,,,
IRRI_SNP0481_CHR06_2430760,genowide-SNP,,6,2430760,C,T,,,,,
IRRI_SNP0482_CHR06_2535102,genowide-SNP,,6,2535102,C,T,,,,,
IRRI_SNP0483_CHR06_2783620,genowide-SNP,,6,2783620,A,G,,,,,
IRRI_SNP0484_CHR06_2808467,genowide-SNP,,6,2808467,A,G,,,,,
IRRI_SNP0485_CHR06_3140863,genowide-SNP,,6,3140863,A,G,,,,,
IRRI_SNP0486_CHR06_3244503,genowide-SNP,,6,3244503,C,T,,,,,
IRRI_SNP0487_CHR06_3431721,genowide-SNP,,6,3431721,A,G,,,,,
IRRI_SNP0488_CHR06_3598843,genowide-SNP,,6,3598843,A,G,,,,,
IRRI_SNP0489_CHR06_3632725,genowide-SNP,,6,3632725,C,T,,,,,
IRRI_SNP0490_CHR06_3721346,genowide-SNP,,6,3721346,C,T,,,,,
IRRI_SNP0491_CHR06_3951547,genowide-SNP,,6,3951547,A,G,,,,,
IRRI_SNP0492_CHR06_4076903,genowide-SNP,,6,4076903,C,T,,,,,
IRRI_SNP0493_CHR06_4641044,genowide-SNP,,6,4641044,C,T,,,,,
IRRI_SNP0494_CHR06_4757948,genowide-SNP,,6,4757948,A,G,,,,,
IRRI_SNP0496_CHR06_5195334,genowide-SNP,,6,5195334,C,G,,,,,
IRRI_SNP0497_CHR06_5707236,genowide-SNP,,6,5707236,A,G,,,,,
IRRI_SNP0498_CHR06_5894169,genowide-SNP,,6,5894169,C,T,,,,,
IRRI_SNP0499_CHR06_6093491,genowide-SNP,,6,6093491,C,T,,,,,
IRRI_SNP0500_CHR06_6508525,genowide-SNP,,6,6508525,A,G,,,,,
IRRI_SNP0504_CHR06_7629011,genowide-SNP,,6,7629011,G,T,,,,,
IRRI_SNP0505_CHR06_8153078,genowide-SNP,,6,8153078,A,G,,,,,
IRRI_SNP0506_CHR06_8405025,genowide-SNP,,6,8405025,A,G,,,,,
IRRI_SNP0507_CHR06_9222038,genowide-SNP,,6,9222038,A,G,,,,,
IRRI_SNP0509_CHR06_9836381,genowide-SNP,,6,9836381,A,C,,,,,
IRRI_SNP0510_CHR06_10006906,genowide-SNP,,6,10006906,A,G,,,,,
IRRI_SNP0511_CHR06_10418594,genowide-SNP,,6,10418594,A,G,,,,,
IRRI_SNP0512_CHR06_10966744,genowide-SNP,,6,10966744,A,G,,,,,
IRRI_SNP0513_CHR06_11131403,genowide-SNP,,6,11131403,A,G,,,,,
IRRI_SNP0514_CHR06_11692013,genowide-SNP,,6,11692013,A,G,,,,,
IRRI_SNP0516_CHR06_12989252,genowide-SNP,,6,12989252,A,G,,,,,
IRRI_SNP0517_CHR06_13702743,genowide-SNP,,6,13702743,A,G,,,,,
IRRI_SNP0518_CHR06_14006726,genowide-SNP,,6,14006726,A,T,,,,,
IRRI_SNP0519_CHR06_14504992,genowide-SNP,,6,14504992,A,G,,,,,
IRRI_SNP0520_CHR06_15358704,genowide-SNP,,6,15358704,C,G,,,,,
IRRI_SNP0521_CHR06_15538142,genowide-SNP,,6,15538142,C,T,,,,,
IRRI_SNP0522_CHR06_16304717,genowide-SNP,,6,16304717,G,T,,,,,
IRRI_SNP0523_CHR06_16614854,genowide-SNP,,6,16614854,C,G,,,,,
IRRI_SNP0524_CHR06_16806254,genowide-SNP,,6,16806254,C,T,,,,,
IRRI_SNP0525_CHR06_17076390,genowide-SNP,,6,17076390,A,G,,,,,
IRRI_SNP0528_CHR06_19989362,genowide-SNP,,6,19989362,C,T,,,,,
IRRI_SNP0529_CHR06_20462203,genowide-SNP,,6,20462203,A,T,,,,,
IRRI_SNP0530_CHR06_21246829,genowide-SNP,,6,21246829,C,T,,,,,
IRRI_SNP0531_CHR06_21491695,genowide-SNP,,6,21491695,A,G,,,,,
IRRI_SNP0532_CHR06_21818860,genowide-SNP,,6,21818860,A,C,,,,,
IRRI_SNP0533_CHR06_22371041,genowide-SNP,,6,22371041,G,T,,,,,
IRRI_SNP0534_CHR06_24003856,genowide-SNP,,6,24003856,C,T,,,,,
IRRI_SNP0539_CHR06_25277863,genowide-SNP,,6,25277863,C,T,,,,,
IRRI_SNP0541_CHR06_26139965,genowide-SNP,,6,26139965,A,G,,,,,
IRRI_SNP0542_CHR06_26513610,genowide-SNP,,6,26513610,A,G,,,,,
IRRI_SNP0543_CHR06_26938344,genowide-SNP,,6,26938344,A,G,,,,,
IRRI_SNP0544_CHR06_27275515,genowide-SNP,,6,27275515,A,G,,,,,
IRRI_SNP0545_CHR06_27364485,genowide-SNP,,6,27364485,A,G,,,,,
IRRI_SNP0546_CHR06_27627615,genowide-SNP,,6,27627615,A,C,,,,,
IRRI_SNP0547_CHR06_27761109,genowide-SNP,,6,27761109,A,C,,,,,
IRRI_SNP0548_CHR06_28100960,genowide-SNP,,6,28100960,A,G,,,,,
IRRI_SNP0549_CHR06_28107682,genowide-SNP,,6,28107682,G,T,,,,,
IRRI_SNP0550_CHR06_28201282,genowide-SNP,,6,28201282,A,C,,,,,
IRRI_SNP0551_CHR06_28723997,genowide-SNP,,6,28723997,A,T,,,,,
IRRI_SNP0552_CHR06_29056693,genowide-SNP,,6,29056693,A,G,,,,,
IRRI_SNP0553_CHR06_29208264,genowide-SNP,,6,29208264,A,C,,,,,
IRRI_SNP0554_CHR06_29416997,genowide-SNP,,6,29416997,C,T,,,,,
IRRI_SNP0556_CHR06_30809492,genowide-SNP,,6,30809492,A,G,,,,,
IRRI_SNP0558_CHR07_514293,genowide-SNP,,7,514293,C,T,,,,,
IRRI_SNP0559_CHR07_770090,genowide-SNP,,7,770090,A,C,,,,,
IRRI_SNP0560_CHR07_940832,genowide-SNP,,7,940832,A,G,,,,,
IRRI_SNP0561_CHR07_1058718,genowide-SNP,,7,1058718,A,G,,,,,
IRRI_SNP0562_CHR07_1195861,genowide-SNP,,7,1195861,A,G,,,,,
IRRI_SNP0563_CHR07_1317761,genowide-SNP,,7,1317761,A,G,,,,,
IRRI_SNP0564_CHR07_1432567,genowide-SNP,,7,1432567,A,G,,,,,
IRRI_SNP0565_CHR07_1558687,genowide-SNP,,7,1558687,C,T,,,,,
IRRI_SNP0566_CHR07_1865306,genowide-SNP,,7,1865306,A,G,,,,,
IRRI_SNP0568_CHR07_2331583,genowide-SNP,,7,2331583,G,T,,,,,
IRRI_SNP0570_CHR07_4481788,genowide-SNP,,7,4481788,C,T,,,,,
IRRI_SNP0571_CHR07_5442983,genowide-SNP,,7,5442983,A,G,,,,,
IRRI_SNP0572_CHR07_5729056,genowide-SNP,,7,5729056,A,G,,,,,
IRRI_SNP0573_CHR07_6029723,genowide-SNP,,7,6029723,A,G,,,,,
IRRI_SNP0575_CHR07_8140854,genowide-SNP,,7,8140854,C,T,,,,,
IRRI_SNP0576_CHR07_8320872,genowide-SNP,,7,8320872,A,G,,,,,
IRRI_SNP0577_CHR07_8487862,genowide-SNP,,7,8487862,A,G,,,,,
IRRI_SNP0578_CHR07_11290725,genowide-SNP,,7,11290725,C,T,,,,,
IRRI_SNP0579_CHR07_13639513,genowide-SNP,,7,13639513,A,C,,,,,
IRRI_SNP0580_CHR07_14729119,genowide-SNP,,7,14729119,A,G,,,,,
IRRI_SNP0581_CHR07_15340454,genowide-SNP,,7,15340454,A,G,,,,,
IRRI_SNP0583_CHR07_17654305,genowide-SNP,,7,17654305,A,G,,,,,
IRRI_SNP0584_CHR07_17877865,genowide-SNP,,7,17877865,A,G,,,,,
IRRI_SNP0585_CHR07_18208798,genowide-SNP,,7,18208798,A,T,,,,,
IRRI_SNP0586_CHR07_18503646,genowide-SNP,,7,18503646,C,T,,,,,
IRRI_SNP0587_CHR07_18689329,genowide-SNP,,7,18689329,G,T,,,,,
IRRI_SNP0588_CHR07_18895399,genowide-SNP,,7,18895399,C,T,,,,,
IRRI_SNP0590_CHR07_20514892,genowide-SNP,,7,20514892,G,T,,,,,
IRRI_SNP0592_CHR07_21135004,genowide-SNP,,7,21135004,C,T,,,,,
IRRI_SNP0593_CHR07_21539524,genowide-SNP,,7,21539524,C,T,,,,,
IRRI_SNP0596_CHR07_22277144,genowide-SNP,,7,22277144,A,G,,,,,
IRRI_SNP0599_CHR07_23087994,genowide-SNP,,7,23087994,A,G,,,,,
IRRI_SNP0600_CHR07_23535052,genowide-SNP,,7,23535052,G,T,,,,,
IRRI_SNP0601_CHR07_23785728,genowide-SNP,,7,23785728,G,T,,,,,
IRRI_SNP0603_CHR07_24194267,genowide-SNP,,7,24194267,G,T,,,,,
IRRI_SNP0604_CHR07_24313817,genowide-SNP,,7,24313817,A,C,,,,,
IRRI_SNP0605_CHR07_24507157,genowide-SNP,,7,24507157,G,T,,,,,
IRRI_SNP0607_CHR07_25339609,genowide-SNP,,7,25339609,C,T,,,,,
IRRI_SNP0608_CHR07_25935801,genowide-SNP,,7,25935801,C,T,,,,,
IRRI_SNP0609_CHR07_27021585,genowide-SNP,,7,27021585,A,G,,,,,
IRRI_SNP0610_CHR07_27883987,genowide-SNP,,7,27883987,C,T,,,,,
IRRI_SNP0612_CHR07_28409912,genowide-SNP,,7,28409912,C,T,,,,,
IRRI_SNP0613_CHR07_29062014,genowide-SNP,,7,29062014,A,G,,,,,
IRRI_SNP0614_CHR08_213580,genowide-SNP,,8,213580,A,G,,,,,
IRRI_SNP0617_CHR08_811201,genowide-SNP,,8,811201,A,G,,,,,
IRRI_SNP0618_CHR08_1088007,genowide-SNP,,8,1088007,A,G,,,,,
IRRI_SNP0619_CHR08_1198055,genowide-SNP,,8,1198055,C,T,,,,,
IRRI_SNP0620_CHR08_1836529,genowide-SNP,,8,1836529,G,T,,,,,
IRRI_SNP0621_CHR08_2208785,genowide-SNP,,8,2208785,C,G,,,,,
IRRI_SNP0622_CHR08_2673447,genowide-SNP,,8,2673447,A,G,,,,,
IRRI_SNP0623_CHR08_2878924,genowide-SNP,,8,2878924,C,G,,,,,
IRRI_SNP0624_CHR08_3212821,genowide-SNP,,8,3212821,C,T,,,,,
IRRI_SNP0625_CHR08_3365127,genowide-SNP,,8,3365127,A,G,,,,,
IRRI_SNP0626_CHR08_3682006,genowide-SNP,,8,3682006,C,T,,,,,
IRRI_SNP0627_CHR08_3866523,genowide-SNP,,8,3866523,A,G,,,,,
IRRI_SNP0628_CHR08_4190544,genowide-SNP,,8,4190544,C,T,,,,,
IRRI_SNP0629_CHR08_4511882,genowide-SNP,,8,4511882,C,T,,,,,
IRRI_SNP0630_CHR08_4853081,genowide-SNP,,8,4853081,C,T,,,,,
IRRI_SNP0632_CHR08_5394572,genowide-SNP,,8,5394572,C,T,,,,,
IRRI_SNP0633_CHR08_5634800,genowide-SNP,,8,5634800,C,T,,,,,
IRRI_SNP0634_CHR08_6269190,genowide-SNP,,8,6269190,A,T,,,,,
IRRI_SNP0636_CHR08_7854002,genowide-SNP,,8,7854002,G,T,,,,,
IRRI_SNP0637_CHR08_7950638,genowide-SNP,,8,7950638,A,T,,,,,
IRRI_SNP0638_CHR08_8386031,genowide-SNP,,8,8386031,C,T,,,,,
IRRI_SNP0639_CHR08_8580913,genowide-SNP,,8,8580913,A,G,,,,,
IRRI_SNP0641_CHR08_8897653,genowide-SNP,,8,8897653,C,T,,,,,
IRRI_SNP0642_CHR08_9289473,genowide-SNP,,8,9289473,G,T,,,,,
IRRI_SNP0644_CHR08_9769758,genowide-SNP,,8,9769758,C,T,,,,,
IRRI_SNP0646_CHR08_10105233,genowide-SNP,,8,10105233,C,T,,,,,
IRRI_SNP0647_CHR08_10188041,genowide-SNP,,8,10188041,C,T,,,,,
IRRI_SNP0648_CHR08_10358484,genowide-SNP,,8,10358484,A,G,,,,,
IRRI_SNP0649_CHR08_11248949,genowide-SNP,,8,11248949,A,G,,,,,
IRRI_SNP0650_CHR08_11370680,genowide-SNP,,8,11370680,A,G,,,,,
IRRI_SNP0651_CHR08_11565636,genowide-SNP,,8,11565636,C,T,,,,,
IRRI_SNP0652_CHR08_11727432,genowide-SNP,,8,11727432,A,C,,,,,
IRRI_SNP0653_CHR08_11888511,genowide-SNP,,8,11888511,A,G,,,,,
IRRI_SNP0654_CHR08_12145970,genowide-SNP,,8,12145970,G,T,,,,,
IRRI_SNP0655_CHR08_12421145,genowide-SNP,,8,12421145,A,G,,,,,
IRRI_SNP0656_CHR08_12723619,genowide-SNP,,8,12723619,A,G,,,,,
IRRI_SNP0657_CHR08_13017690,genowide-SNP,,8,13017690,A,G,,,,,
IRRI_SNP0658_CHR08_13354771,genowide-SNP,,8,13354771,C,T,,,,,
IRRI_SNP0659_CHR08_13741571,genowide-SNP,,8,13741571,C,T,,,,,
IRRI_SNP0660_CHR08_13950899,genowide-SNP,,8,13950899,C,T,,,,,
IRRI_SNP0661_CHR08_14184612,genowide-SNP,,8,14184612,C,T,,,,,
IRRI_SNP0662_CHR08_14676962,genowide-SNP,,8,14676962,A,G,,,,,
IRRI_SNP0663_CHR08_14799421,genowide-SNP,,8,14799421,A,G,,,,,
IRRI_SNP0664_CHR08_14986111,genowide-SNP,,8,14986111,A,G,,,,,
IRRI_SNP0665_CHR08_15439243,genowide-SNP,,8,15439243,C,T,,,,,
IRRI_SNP0667_CHR08_16618829,genowide-SNP,,8,16618829,A,C,,,,,
IRRI_SNP0668_CHR08_16799413,genowide-SNP,,8,16799413,A,G,,,,,
IRRI_SNP0670_CHR08_17319167,genowide-SNP,,8,17319167,A,C,,,,,
IRRI_SNP0671_CHR08_17618902,genowide-SNP,,8,17618902,C,T,,,,,
IRRI_SNP0672_CHR08_18108496,genowide-SNP,,8,18108496,A,G,,,,,
IRRI_SNP0673_CHR08_18221884,genowide-SNP,,8,18221884,C,T,,,,,
IRRI_SNP0674_CHR08_18552226,genowide-SNP,,8,18552226,A,G,,,,,
IRRI_SNP0676_CHR08_18719247,genowide-SNP,,8,18719247,C,T,,,,,
IRRI_SNP0677_CHR08_19351882,genowide-SNP,,8,19351882,A,G,,,,,
IRRI_SNP0678_CHR08_19833397,genowide-SNP,,8,19833397,A,C,,,,,
IRRI_SNP0679_CHR08_20053642,genowide-SNP,,8,20053642,C,T,,,,,
IRRI_SNP0680_CHR08_21011651,genowide-SNP,,8,21011651,C,T,,,,,
IRRI_SNP0681_CHR08_21253397,genowide-SNP,,8,21253397,C,T,,,,,
IRRI_SNP0682_CHR08_21667240,genowide-SNP,,8,21667240,C,T,,,,,
IRRI_SNP0683_CHR08_22252502,genowide-SNP,,8,22252502,A,C,,,,,
IRRI_SNP0684_CHR08_22776414,genowide-SNP,,8,22776414,A,G,,,,,
IRRI_SNP0685_CHR08_23713744,genowide-SNP,,8,23713744,A,T,,,,,
IRRI_SNP0686_CHR08_24125399,genowide-SNP,,8,24125399,A,G,,,,,
IRRI_SNP0687_CHR08_24205833,genowide-SNP,,8,24205833,A,G,,,,,
IRRI_SNP0688_CHR08_24753844,genowide-SNP,,8,24753844,C,T,,,,,
IRRI_SNP0691_CHR08_25467581,genowide-SNP,,8,25467581,A,T,,,,,
IRRI_SNP0692_CHR08_25757847,genowide-SNP,,8,25757847,G,T,,,,,
IRRI_SNP0693_CHR08_26448560,genowide-SNP,,8,26448560,G,T,,,,,
IRRI_SNP0694_CHR08_26709228,genowide-SNP,,8,26709228,A,G,,,,,
IRRI_SNP0696_CHR08_26898822,genowide-SNP,,8,26898822,C,T,,,,,
IRRI_SNP0697_CHR08_27039158,genowide-SNP,,8,27039158,A,C,,,,,
IRRI_SNP0698_CHR08_27282645,genowide-SNP,,8,27282645,G,T,,,,,
IRRI_SNP0700_CHR08_28125942,genowide-SNP,,8,28125942,C,T,,,,,
IRRI_SNP0701_CHR09_148594,genowide-SNP,,9,148594,C,T,,,,,
IRRI_SNP0702_CHR09_496013,genowide-SNP,,9,496013,A,C,,,,,
IRRI_SNP0703_CHR09_591085,genowide-SNP,,9,591085,A,G,,,,,
IRRI_SNP0704_CHR09_1098249,genowide-SNP,,9,1098249,C,T,,,,,
IRRI_SNP0705_CHR09_1467951,genowide-SNP,,9,1467951,A,G,,,,,
IRRI_SNP0706_CHR09_2096551,genowide-SNP,,9,2096551,C,T,,,,,
IRRI_SNP0707_CHR09_2298381,genowide-SNP,,9,2298381,C,T,,,,,
IRRI_SNP0708_CHR09_2380203,genowide-SNP,,9,2380203,C,T,,,,,
IRRI_SNP0709_CHR09_2930321,genowide-SNP,,9,2930321,C,T,,,,,
IRRI_SNP0710_CHR09_3357568,genowide-SNP,,9,3357568,A,G,,,,,
IRRI_SNP0711_CHR09_3603443,genowide-SNP,,9,3603443,C,T,,,,,
IRRI_SNP0712_CHR09_3934768,genowide-SNP,,9,3934768,A,C,,,,,
IRRI_SNP0713_CHR09_4136552,genowide-SNP,,9,4136552,A,G,,,,,
IRRI_SNP0714_CHR09_4347203,genowide-SNP,,9,4347203,A,G,,,,,
IRRI_SNP0716_CHR09_5008706,genowide-SNP,,9,5008706,G,T,,,,,
IRRI_SNP0717_CHR09_5305969,genowide-SNP,,9,5305969,A,G,,,,,
IRRI_SNP0718_CHR09_5812738,genowide-SNP,,9,5812738,C,T,,,,,
IRRI_SNP0719_CHR09_5922125,genowide-SNP,,9,5922125,C,T,,,,,
IRRI_SNP0720_CHR09_6093984,genowide-SNP,,9,6093984,C,T,,,,,
IRRI_SNP0721_CHR09_6252407,genowide-SNP,,9,6252407,A,G,,,,,
IRRI_SNP0724_CHR09_6796269,genowide-SNP,,9,6796269,C,T,,,,,
IRRI_SNP0725_CHR09_6913547,genowide-SNP,,9,6913547,C,G,,,,,
IRRI_SNP0726_CHR09_7116276,genowide-SNP,,9,7116276,G,T,,,,,
IRRI_SNP0727_CHR09_7280339,genowide-SNP,,9,7280339,C,T,,,,,
IRRI_SNP0730_CHR09_8511436,genowide-SNP,,9,8511436,A,G,,,,,
IRRI_SNP0731_CHR09_8851945,genowide-SNP,,9,8851945,C,T,,,,,
IRRI_SNP0732_CHR09_9252104,genowide-SNP,,9,9252104,C,G,,,,,
IRRI_SNP0733_CHR09_9626056,genowide-SNP,,9,9626056,A,G,,,,,
IRRI_SNP0735_CHR09_9945591,genowide-SNP,,9,9945591,C,T,,,,,
IRRI_SNP0736_CHR09_10119114,genowide-SNP,,9,10119114,A,G,,,,,
IRRI_SNP0737_CHR09_10324014,genowide-SNP,,9,10324014,A,G,,,,,
IRRI_SNP0738_CHR09_10757351,genowide-SNP,,9,10757351,A,G,,,,,
IRRI_SNP0740_CHR09_11237877,genowide-SNP,,9,11237877,C,T,,,,,
IRRI_SNP0742_CHR09_11746684,genowide-SNP,,9,11746684,A,G,,,,,
IRRI_SNP0743_CHR09_11848827,genowide-SNP,,9,11848827,A,G,,,,,
IRRI_SNP0745_CHR09_12029697,genowide-SNP,,9,12029697,C,T,,,,,
IRRI_SNP0746_CHR09_12326525,genowide-SNP,,9,12326525,A,G,,,,,
IRRI_SNP0747_CHR09_14920092,genowide-SNP,,9,14920092,A,G,,,,,
IRRI_SNP0748_CHR09_15322775,genowide-SNP,,9,15322775,A,G,,,,,
IRRI_SNP0749_CHR09_15429734,genowide-SNP,,9,15429734,G,T,,,,,
IRRI_SNP0750_CHR09_16616509,genowide-SNP,,9,16616509,C,T,,,,,
IRRI_SNP0751_CHR09_17213519,genowide-SNP,,9,17213519,C,T,,,,,
IRRI_SNP0752_CHR09_17447522,genowide-SNP,,9,17447522,A,G,,,,,
IRRI_SNP0753_CHR09_17707080,genowide-SNP,,9,17707080,A,G,,,,,
IRRI_SNP0754_CHR09_19322095,genowide-SNP,,9,19322095,A,G,,,,,
IRRI_SNP0755_CHR09_19683788,genowide-SNP,,9,19683788,C,T,,,,,
IRRI_SNP0756_CHR09_20138174,genowide-SNP,,9,20138174,A,T,,,,,
IRRI_SNP0757_CHR09_20682114,genowide-SNP,,9,20682114,A,C,,,,,
IRRI_SNP0758_CHR09_21148430,genowide-SNP,,9,21148430,A,G,,,,,
IRRI_SNP0759_CHR09_21348882,genowide-SNP,,9,21348882,A,G,,,,,
IRRI_SNP0760_CHR09_21612758,genowide-SNP,,9,21612758,C,T,,,,,
IRRI_SNP0761_CHR09_21667022,genowide-SNP,,9,21667022,A,G,,,,,
IRRI_SNP0762_CHR09_21885499,genowide-SNP,,9,21885499,C,T,,,,,
IRRI_SNP0763_CHR09_21896910,genowide-SNP,,9,21896910,C,T,,,,,
IRRI_SNP0764_CHR09_22076185,genowide-SNP,,9,22076185,C,T,,,,,
IRRI_SNP0765_CHR10_146531,genowide-SNP,,10,146531,C,T,,,,,
IRRI_SNP0766_CHR10_790044,genowide-SNP,,10,790044,C,G,,,,,
IRRI_SNP0768_CHR10_1562931,genowide-SNP,,10,1562931,A,T,,,,,
IRRI_SNP0770_CHR10_2129424,genowide-SNP,,10,2129424,C,T,,,,,
IRRI_SNP0771_CHR10_2258418,genowide-SNP,,10,2258418,C,G,,,,,
IRRI_SNP0772_CHR10_3358419,genowide-SNP,,10,3358419,C,T,,,,,
IRRI_SNP0773_CHR10_3400212,genowide-SNP,,10,3400212,C,T,,,,,
IRRI_SNP0774_CHR10_4019997,genowide-SNP,,10,4019997,C,T,,,,,
IRRI_SNP0775_CHR10_4281052,genowide-SNP,,10,4281052,C,T,,,,,
IRRI_SNP0776_CHR10_5257224,genowide-SNP,,10,5257224,C,T,,,,,
IRRI_SNP0777_CHR10_5488256,genowide-SNP,,10,5488256,C,T,,,,,
IRRI_SNP0778_CHR10_5826161,genowide-SNP,,10,5826161,G,T,,,,,
IRRI_SNP0779_CHR10_6648158,genowide-SNP,,10,6648158,C,T,,,,,
IRRI_SNP0780_CHR10_6798684,genowide-SNP,,10,6798684,C,T,,,,,
IRRI_SNP0782_CHR10_7397104,genowide-SNP,,10,7397104,C,T,,,,,
IRRI_SNP0783_CHR10_7530092,genowide-SNP,,10,7530092,A,G,,,,,
IRRI_SNP0784_CHR10_8404652,genowide-SNP,,10,8404652,C,T,,,,,
IRRI_SNP0785_CHR10_8795028,genowide-SNP,,10,8795028,C,T,,,,,
IRRI_SNP0786_CHR10_9095431,genowide-SNP,,10,9095431,C,T,,,,,
IRRI_SNP0788_CHR10_10476379,genowide-SNP,,10,10476379,A,C,,,,,
IRRI_SNP0789_CHR10_10755400,genowide-SNP,,10,10755400,C,T,,,,,
IRRI_SNP0791_CHR10_11195773,genowide-SNP,,10,11195773,A,C,,,,,
IRRI_SNP0793_CHR10_11664750,genowide-SNP,,10,11664750,A,G,,,,,
IRRI_SNP0794_CHR10_11918679,genowide-SNP,,10,11918679,G,T,,,,,
IRRI_SNP0795_CHR10_12145295,genowide-SNP,,10,12145295,C,T,,,,,
IRRI_SNP0796_CHR10_12658334,genowide-SNP,,10,12658334,A,G,,,,,
IRRI_SNP0797_CHR10_12780901,genowide-SNP,,10,12780901,A,G,,,,,
IRRI_SNP0798_CHR10_13551338,genowide-SNP,,10,13551338,A,G,,,,,
IRRI_SNP0799_CHR10_13778768,genowide-SNP,,10,13778768,A,G,,,,,
IRRI_SNP0800_CHR10_14086902,genowide-SNP,,10,14086902,A,G,,,,,
IRRI_SNP0801_CHR10_14640458,genowide-SNP,,10,14640458,A,G,,,,,
IRRI_SNP0802_CHR10_14777004,genowide-SNP,,10,14777004,A,G,,,,,
IRRI_SNP0803_CHR10_15824876,genowide-SNP,,10,15824876,A,G,,,,,
IRRI_SNP0804_CHR10_16229530,genowide-SNP,,10,16229530,G,T,,,,,
IRRI_SNP0805_CHR10_16742656,genowide-SNP,,10,16742656,A,G,,,,,
IRRI_SNP0806_CHR10_17397576,genowide-SNP,,10,17397576,A,G,,,,,
IRRI_SNP0807_CHR10_18098744,genowide-SNP,,10,18098744,A,G,,,,,
IRRI_SNP0808_CHR10_18302926,genowide-SNP,,10,18302926,A,G,,,,,
IRRI_SNP0809_CHR10_18583084,genowide-SNP,,10,18583084,G,T,,,,,
IRRI_SNP0810_CHR10_18852690,genowide-SNP,,10,18852690,C,T,,,,,
IRRI_SNP0811_CHR10_19025553,genowide-SNP,,10,19025553,A,G,,,,,
IRRI_SNP0812_CHR10_19217152,genowide-SNP,,10,19217152,A,G,,,,,
IRRI_SNP0813_CHR10_19378143,genowide-SNP,,10,19378143,A,C,,,,,
IRRI_SNP0814_CHR10_19421322,genowide-SNP,,10,19421322,C,T,,,,,
IRRI_SNP0815_CHR10_19678268,genowide-SNP,,10,19678268,G,T,,,,,
IRRI_SNP0816_CHR10_19899160,genowide-SNP,,10,19899160,A,G,,,,,
IRRI_SNP0819_CHR10_21338558,genowide-SNP,,10,21338558,C,T,,,,,
IRRI_SNP0820_CHR10_21596449,genowide-SNP,,10,21596449,A,G,,,,,
IRRI_SNP0823_CHR11_256688,genowide-SNP,,11,256688,G,T,,,,,
IRRI_SNP0824_CHR11_650148,genowide-SNP,,11,650148,G,T,,,,,
IRRI_SNP0826_CHR11_2875870,genowide-SNP,,11,2875870,G,T,,,,,
IRRI_SNP0827_CHR11_3516253,genowide-SNP,,11,3516253,G,T,,,,,
IRRI_SNP0828_CHR11_3802930,genowide-SNP,,11,3802930,A,G,,,,,
IRRI_SNP0830_CHR11_4783262,genowide-SNP,,11,4783262,C,T,,,,,
IRRI_SNP0831_CHR11_5615885,genowide-SNP,,11,5615885,A,G,,,,,
IRRI_SNP0832_CHR11_5852961,genowide-SNP,,11,5852961,A,G,,,,,
IRRI_SNP0833_CHR11_6088667,genowide-SNP,,11,6088667,C,T,,,,,
IRRI_SNP0834_CHR11_6472086,genowide-SNP,,11,6472086,A,C,,,,,
IRRI_SNP0838_CHR11_7542820,genowide-SNP,,11,7542820,C,T,,,,,
IRRI_SNP0839_CHR11_8083891,genowide-SNP,,11,8083891,A,G,,,,,
IRRI_SNP0840_CHR11_8247118,genowide-SNP,,11,8247118,C,T,,,,,
IRRI_SNP0841_CHR11_8601502,genowide-SNP,,11,8601502,A,C,,,,,
IRRI_SNP0842_CHR11_8786491,genowide-SNP,,11,8786491,A,G,,,,,
IRRI_SNP0843_CHR11_9183139,genowide-SNP,,11,9183139,A,G,,,,,
IRRI_SNP0844_CHR11_9413614,genowide-SNP,,11,9413614,A,G,,,,,
IRRI_SNP0845_CHR11_9561302,genowide-SNP,,11,9561302,G,T,,,,,
IRRI_SNP0847_CHR11_10741559,genowide-SNP,,11,10741559,G,T,,,,,
IRRI_SNP0850_CHR11_12142966,genowide-SNP,,11,12142966,A,G,,,,,
IRRI_SNP0851_CHR11_12583306,genowide-SNP,,11,12583306,A,G,,,,,
IRRI_SNP0852_CHR11_13020856,genowide-SNP,,11,13020856,A,C,,,,,
IRRI_SNP0854_CHR11_14737362,genowide-SNP,,11,14737362,A,T,,,,,
IRRI_SNP0856_CHR11_15447862,genowide-SNP,,11,15447862,C,T,,,,,
IRRI_SNP0857_CHR11_15638505,genowide-SNP,,11,15638505,C,T,,,,,
IRRI_SNP0858_CHR11_15850522,genowide-SNP,,11,15850522,A,C,,,,,
IRRI_SNP0859_CHR11_16284824,genowide-SNP,,11,16284824,A,C,,,,,
IRRI_SNP0861_CHR11_17047762,genowide-SNP,,11,17047762,C,T,,,,,
IRRI_SNP0862_CHR11_17292835,genowide-SNP,,11,17292835,G,T,,,,,
IRRI_SNP0863_CHR11_17489208,genowide-SNP,,11,17489208,C,G,,,,,
IRRI_SNP0864_CHR11_17697337,genowide-SNP,,11,17697337,A,C,,,,,
IRRI_SNP0865_CHR11_17908099,genowide-SNP,,11,17908099,A,G,,,,,
IRRI_SNP0866_CHR11_18290104,genowide-SNP,,11,18290104,A,C,,,,,
IRRI_SNP0868_CHR11_18936070,genowide-SNP,,11,18936070,A,G,,,,,
IRRI_SNP0869_CHR11_18993024,genowide-SNP,,11,18993024,C,T,,,,,
IRRI_SNP0870_CHR11_19648542,genowide-SNP,,11,19648542,A,T,,,,,
IRRI_SNP0871_CHR11_19898835,genowide-SNP,,11,19898835,G,T,,,,,
IRRI_SNP0872_CHR11_20074439,genowide-SNP,,11,20074439,C,T,,,,,
IRRI_SNP0875_CHR11_20647651,genowide-SNP,,11,20647651,A,G,,,,,
IRRI_SNP0876_CHR11_20837771,genowide-SNP,,11,20837771,C,T,,,,,
IRRI_SNP0877_CHR11_21190115,genowide-SNP,,11,21190115,C,T,,,,,
IRRI_SNP0879_CHR11_21446099,genowide-SNP,,11,21446099,C,T,,,,,
IRRI_SNP0880_CHR11_21689303,genowide-SNP,,11,21689303,A,G,,,,,
IRRI_SNP0881_CHR11_21691103,genowide-SNP,,11,21691103,C,T,,,,,
IRRI_SNP0882_CHR11_22044151,genowide-SNP,,11,22044151,G,T,,,,,
IRRI_SNP0884_CHR11_22440795,genowide-SNP,,11,22440795,A,G,,,,,
IRRI_SNP0885_CHR11_22453819,genowide-SNP,,11,22453819,C,T,,,,,
IRRI_SNP0886_CHR11_22562351,genowide-SNP,,11,22562351,A,G,,,,,
IRRI_SNP0887_CHR11_22912310,genowide-SNP,,11,22912310,A,C,,,,,
IRRI_SNP0890_CHR11_23083051,genowide-SNP,,11,23083051,A,C,,,,,
IRRI_SNP0891_CHR11_23231455,genowide-SNP,,11,23231455,A,G,,,,,
IRRI_SNP0893_CHR11_24086107,genowide-SNP,,11,24086107,G,T,,,,,
IRRI_SNP0894_CHR11_24100905,genowide-SNP,,11,24100905,C,T,,,,,
IRRI_SNP0897_CHR11_25135188,genowide-SNP,,11,25135188,A,G,,,,,
IRRI_SNP0898_CHR11_25279481,genowide-SNP,,11,25279481,A,G,,,,,
IRRI_SNP0899_CHR11_25432067,genowide-SNP,,11,25432067,A,G,,,,,
IRRI_SNP0901_CHR11_25811598,genowide-SNP,,11,25811598,C,T,,,,,
IRRI_SNP0902_CHR11_26300403,genowide-SNP,,11,26300403,A,G,,,,,
IRRI_SNP0904_CHR11_27603799,genowide-SNP,,11,27603799,A,C,,,,,
IRRI_SNP0905_CHR11_27817978,genowide-SNP,,11,27817978,C,T,,,,,
IRRI_SNP0906_CHR11_27994133,genowide-SNP,,11,27994133,C,T,,,,,
IRRI_SNP0907_CHR11_28625316,genowide-SNP,,11,28625316,G,T,,,,,
IRRI_SNP0908_CHR11_28966693,genowide-SNP,,11,28966693,C,G,,,,,
IRRI_SNP0909_CHR12_350921,genowide-SNP,,12,350921,A,C,,,,,
IRRI_SNP0910_CHR12_2324105,genowide-SNP,,12,2324105,C,T,,,,,
IRRI_SNP0911_CHR12_2651274,genowide-SNP,,12,2651274,A,G,,,,,
IRRI_SNP0912_CHR12_3086293,genowide-SNP,,12,3086293,G,T,,,,,
IRRI_SNP0913_CHR12_3217524,genowide-SNP,,12,3217524,A,G,,,,,
IRRI_SNP0914_CHR12_3285571,genowide-SNP,,12,3285571,C,T,,,,,
IRRI_SNP0915_CHR12_3544726,genowide-SNP,,12,3544726,G,T,,,,,
IRRI_SNP0918_CHR12_4141420,genowide-SNP,,12,4141420,C,T,,,,,
IRRI_SNP0919_CHR12_4433511,genowide-SNP,,12,4433511,A,G,,,,,
IRRI_SNP0920_CHR12_4554103,genowide-SNP,,12,4554103,A,G,,,,,
IRRI_SNP0921_CHR12_5041059,genowide-SNP,,12,5041059,G,T,,,,,
IRRI_SNP0922_CHR12_7114076,genowide-SNP,,12,7114076,G,T,,,,,
IRRI_SNP0924_CHR12_7445812,genowide-SNP,,12,7445812,G,T,,,,,
IRRI_SNP0925_CHR12_7917509,genowide-SNP,,12,7917509,A,G,,,,,
IRRI_SNP0926_CHR12_8070782,genowide-SNP,,12,8070782,A,C,,,,,
IRRI_SNP0928_CHR12_8794364,genowide-SNP,,12,8794364,A,C,,,,,
IRRI_SNP0929_CHR12_8913217,genowide-SNP,,12,8913217,A,G,,,,,
IRRI_SNP0930_CHR12_9120135,genowide-SNP,,12,9120135,A,G,,,,,
IRRI_SNP0931_CHR12_9540170,genowide-SNP,,12,9540170,A,G,,,,,
IRRI_SNP0932_CHR12_10051752,genowide-SNP,,12,10051752,G,T,,,,,
IRRI_SNP0933_CHR12_10469146,genowide-SNP,,12,10469146,A,G,,,,,
IRRI_SNP0934_CHR12_10509878,genowide-SNP,,12,10509878,A,G,,,,,
IRRI_SNP0936_CHR12_11257069,genowide-SNP,,12,11257069,A,G,,,,,
IRRI_SNP0937_CHR12_11720114,genowide-SNP,,12,11720114,C,T,,,,,
IRRI_SNP0938_CHR12_12075622,genowide-SNP,,12,12075622,C,T,,,,,
IRRI_SNP0939_CHR12_12509917,genowide-SNP,,12,12509917,C,T,,,,,
IRRI_SNP0941_CHR12_13248798,genowide-SNP,,12,13248798,A,G,,,,,
IRRI_SNP0942_CHR12_13764151,genowide-SNP,,12,13764151,G,T,,,,,
IRRI_SNP0944_CHR12_14060565,genowide-SNP,,12,14060565,C,T,,,,,
IRRI_SNP0945_CHR12_14489210,genowide-SNP,,12,14489210,A,C,,,,,
IRRI_SNP0946_CHR12_14599449,genowide-SNP,,12,14599449,C,T,,,,,
IRRI_SNP0947_CHR12_14835375,genowide-SNP,,12,14835375,C,T,,,,,
IRRI_SNP0948_CHR12_14936674,genowide-SNP,,12,14936674,A,G,,,,,
IRRI_SNP0949_CHR12_15140411,genowide-SNP,,12,15140411,A,T,,,,,
IRRI_SNP0950_CHR12_15342492,genowide-SNP,,12,15342492,C,T,,,,,
IRRI_SNP0953_CHR12_15960393,genowide-SNP,,12,15960393,A,G,,,,,
IRRI_SNP0954_CHR12_16287347,genowide-SNP,,12,16287347,G,T,,,,,
IRRI_SNP0955_CHR12_16591134,genowide-SNP,,12,16591134,C,T,,,,,
IRRI_SNP0956_CHR12_16990670,genowide-SNP,,12,16990670,A,C,,,,,
IRRI_SNP0957_CHR12_17443323,genowide-SNP,,12,17443323,C,T,,,,,
IRRI_SNP0958_CHR12_17571574,genowide-SNP,,12,17571574,A,G,,,,,
IRRI_SNP0960_CHR12_18003414,genowide-SNP,,12,18003414,C,T,,,,,
IRRI_SNP0963_CHR12_18881059,genowide-SNP,,12,18881059,A,T,,,,,
IRRI_SNP0964_CHR12_19161731,genowide-SNP,,12,19161731,A,G,,,,,
IRRI_SNP0965_CHR12_19522102,genowide-SNP,,12,19522102,A,G,,,,,
IRRI_SNP0967_CHR12_19829588,genowide-SNP,,12,19829588,C,T,,,,,
IRRI_SNP0968_CHR12_21446549,genowide-SNP,,12,21446549,G,T,,,,,
IRRI_SNP0969_CHR12_21731719,genowide-SNP,,12,21731719,A,T,,,,,
IRRI_SNP0972_CHR12_22600624,genowide-SNP,,12,22600624,A,G,,,,,
IRRI_SNP0974_CHR12_23066809,genowide-SNP,,12,23066809,A,G,,,,,
IRRI_SNP0975_CHR12_23108164,genowide-SNP,,12,23108164,C,T,,,,,
IRRI_SNP0977_CHR12_23387696,genowide-SNP,,12,23387696,A,G,,,,,
IRRI_SNP0978_CHR12_23828922,genowide-SNP,,12,23828922,C,T,,,,,
IRRI_SNP0979_CHR12_24088209,genowide-SNP,,12,24088209,A,G,,,,,
IRRI_SNP0981_CHR12_24317071,genowide-SNP,,12,24317071,C,T,,,,,
IRRI_SNP0982_CHR12_24417433,genowide-SNP,,12,24417433,C,T,,,,,
IRRI_SNP0984_CHR12_24913573,genowide-SNP,,12,24913573,C,T,,,,,
IRRI_SNP0985_CHR12_25490919,genowide-SNP,,12,25490919,A,C,,,,,
IRRI_SNP0986_CHR12_25756224,genowide-SNP,,12,25756224,A,G,,,,,
IRRI_SNP0987_CHR12_26259494,genowide-SNP,,12,26259494,G,T,,,,,
IRRI_SNP0988_CHR12_26463351,genowide-SNP,,12,26463351,A,G,,,,,
IRRI_SNP0990_CHR12_27023424,genowide-SNP,,12,27023424,G,T,,,,,
IRRI_SNP0991_CHR12_27304351,genowide-SNP,,12,27304351,G,T,,,,,
IRRI_SNP0994_SALTOL-AUS,trait-SNP,Saltol,1,11460344,G,T,"FL478, IR 107321-1-141-3-120",,,,
IRRI_SNP0995_SALTOL-ARO,trait-SNP,Saltol,1,11462124,C,T,"Pokkali, Capsule",,,,
IRRI_SNP0997_DTY1-1_1,trait-SNP,DTY1.1,1,38081544,C,G,"IR64, Swarna, MTU1010",,,,
IRRI_SNP0998_DTY1-1_2,trait-SNP,DTY1.1,1,38456729,A,G,N22,,,,
IRRI_SNP0999_DTY1-1_3,trait-SNP,DTY1.1,1,39014751,A,G,"Apo, N22, Daghad Deshi, Kali Aus",,,,
IRRI_SNP1000_SCT1_1,trait-SNP,qSCT1,1,39188650,C,T,BR29,,,,
IRRI_SNP1001_SCT1_2,trait-SNP,qSCT1,1,39213471,A,C,Jinbu,,,,
IRRI_SNP1002_QSES1-2_1,trait-SNP,qNa1L,1,39313463,A,G,FL478,,,,
IRRI_SNP1003_SCT1_3,trait-SNP,qSCT1,1,39553459,G,T,Jinbu,,,,
IRRI_SNP1004_SCT1_4,trait-SNP,qSCT1,1,39553546,C,T,BR29,,,,
IRRI_SNP1006_QSES1-2_2,trait-SNP,qNa1L,1,39826525,C,T,"FL478, Capsule",,,,
IRRI_SNP1007_QSES1-2_3,trait-SNP,qNa1L,1,40362958,A,G,"FL478, Capsule",,,,
IRRI_SNP1008_QSES1-2_4,trait-SNP,qNa1L,1,40611906,A,T,"FL478, Capsule",,,,
IRRI_SNP1009_DTY2-2_1,trait-SNP,DTY2.2,2,1050171,A,C,"IR64, MTU1010, FL478",,,,
IRRI_SNP1010_DTY2-2_2,trait-SNP,DTY2.2,2,2542883,A,T,"Aday Seln, Kali Aus, Sadri, N22",,,,
IRRI_SNP1011_DTY2-2_3,trait-SNP,DTY2.2,2,4871846,A,G,0,,,,
IRRI_SNP1012_DTY2-2_4,trait-SNP,DTY2.2,2,6267235,C,T,"Aday Sel, Kali Aus, Sadri",,,,
IRRI_SNP1014_HIS1,trait-SNP,HIS1,2,10389082,-,ATCAGGAACCAAAAGAATTAGAGACGAT,IR64,,,,
IRRI_SNP1015_DTY3-2-SWARNA_1,trait-SNP,DTY3.2,3,1270943,A,G,Swarna allele,,,,
IRRI_SNP1016_DTY3-2-IR64_1,trait-SNP,DTY3.2,3,1271431,A,G,IR64 allele,,,,
IRRI_SNP1017_DTY3-2-N22_1,trait-SNP,DTY3.2,3,1272146,G,T,"N22, Moro, Vandana",,,,
IRRI_SNP1018_GS3,trait-SNP,GS3,3,16733441,G,T,IR64,,,,
IRRI_SNP1021_DTY3-1_2,trait-SNP,DTY3.1,3,31008659,C,T,0,,,,
IRRI_SNP1022_DTY3-1_4,trait-SNP,DTY3.1,3,31323659,C,G,0,,,,
IRRI_SNP1023_DTY4-1_1,trait-SNP,DTY4.1,4,175984,C,T,"Aday Sel, Sadri",,,,
IRRI_SNP1024_DTY4-1_2,trait-SNP,DTY4.1,4,914761,A,C,"Aday Sel, Sadri",,,,
IRRI_SNP1025_DTY4-1_3,trait-SNP,DTY4.1,4,1969661,C,T,"Aday Sel, Sadri",,,,
IRRI_SNP1026_BPH17_1,trait-SNP,BPH17,4,6942449,C,T,Rathu Heenati - Liu et al. (15),,,,
IRRI_SNP1027_BPH17_3,trait-SNP,BPH17,4,6957474,A,G,Rathu Heenati - Liu et al. (15),,,,
IRRI_SNP1028_BPH17_2,trait-SNP,BPH17,4,6979033,C,G,Rathu Heenati - Liu et al. (15),,,,
IRRI_SNP1030_RYMV1-4,trait-SNP,RYMV1,4,24948686,C,T,glaberrima TOG5672,,,,
IRRI_SNP1031_RYMV1-5,trait-SNP,RYMV1,4,24948702,CCAGTCAAT,-,glaberrima TOG5674,,,,
IRRI_SNP1032_RYMV1-2,trait-SNP,RYMV1,4,24948722,C,T,Gigante,,,,
IRRI_SNP1033_COLD1-JAP,trait-SNP,COLD1,4,30315214,A,T,"Nipponbare, Dongjin vs. Rc222",,,,
IRRI_SNP1034_NAL1,trait-SNP,NAL1,4,31212801,A,G,#N/A,,,,
IRRI_SNP1035_TBV1_2,trait-SNP,TBV1,4,31240651,A,C,Utri Merah,,,,
IRRI_SNP1037_GW5_1,trait-SNP,GW5,5,5361244,C,T,"Azucena, Lemont, Basmatis",,,,
IRRI_SNP1038_GW5_2,trait-SNP,GW5,5,5361329,A,G,"Azucena, Lemont",,,,
IRRI_SNP1039_BPH32,trait-SNP,BPH32,6,1223332,C,G,"Honderawala, Rc222",,,,
IRRI_SNP1040_WX-OP,trait-SNP,Waxy,6,1767637,A,G,Wx(opaque) causative SNP,,,,
IRRI_SNP1041_WX-INT,trait-SNP,Waxy,6,1768006,A,C,Wx(int)-IR64,,,,
IRRI_SNP1042_WX-A_GROUP,trait-SNP,Waxy,6,1768724,C,T,Wx(a) - except Basmati,,,,
IRRI_SNP1044_WX-A-RC222,trait-SNP,Waxy,6,1768998,C,T,Wx(a)-Exon10,,,,
IRRI_SNP1047_SSIIA-3B,trait-SNP,Alk,6,6752888,C,T,MS11,,,,
IRRI_SNP1048_PI9_1,trait-SNP,Pi9,6,10389610,G,C,Pi9 (DQ285630),,,,
IRRI_SNP1049_TGW6,trait-SNP,TGW6,6,25093553,-,G,Swarna-Sub1,,,,
IRRI_SNP1050_XA7_1,trait-SNP,Xa7,6,27919547,G,T,"IRBB7, IRBB61 - IRBB65",,,,
IRRI_SNP1051_XA7_2,trait-SNP,Xa7,6,28011120,A,G,"IRBB7, IRBB61 - IRBB65",,,,
IRRI_SNP1052_XA7_3,trait-SNP,Xa7,6,28187269,A,G,"IRBB7, IRBB61 - IRBB65",,,,
IRRI_SNP1053_GHD7-4,trait-SNP,Ghd7,7,9152659,C,T,"Hap-4; BR11, IR68552",,,,
IRRI_SNP1055_TSV1_UM,trait-SNP,TSV1,7,22118459,C,T,"NSIC Rc222, Aday Sel",,,,
IRRI_SNP1056_AG3_1,trait-SNP,AG3,7,23251034,C,T,IR64,,,,
IRRI_SNP1057_AG3_2,trait-SNP,AG3,7,24014394,G,T,IR64,,,,
IRRI_SNP1058_NAS3_2,trait-SNP,NAS3,7,29281096,A,C,Swamy - PEAK GWAS: High delta,,,,
IRRI_SNP1060_DTH8-IR24,trait-SNP,DTH8,8,4334417,-,T,IR24,,,,
IRRI_SNP1061_GM4_1,trait-SNP,Gm4(t),8,5353685,A,G,Abhaya,,,,
IRRI_SNP1063_GM4_3,trait-SNP,Gm4(t),8,5466566,A,G,Abhaya,,,,
IRRI_SNP1064_GM4_4,trait-SNP,Gm4(t),8,5591019,C,G,Abhaya,,,,
IRRI_SNP1065_PI33_1,trait-SNP,Pi33,8,6114723,G,T,IR64,,,,
IRRI_SNP1066_PI33_2,trait-SNP,Pi33,8,6713163,C,T,Donors,,,,
IRRI_SNP1067_PI33_3,trait-SNP,Pi33,8,7470867,G,T,Donors - TN1 het,,,,
IRRI_SNP1068_WFP1,trait-SNP,WFP,8,25275168,G,T,0,,,,
IRRI_SNP1069_PGWC8-2,trait-SNP,PGC8-2,8,25894130,A,G,"Rc222, ZS97",,,,
IRRI_SNP1070_AG1_1,trait-SNP,AG1,9,12131957,A,G,"KHO, MR, Kharsu",,,,
IRRI_SNP1072_DEP1-1,trait-SNP,DEP1,9,16410299,C,G,dep1-1 lines,,,,
IRRI_SNP1073_DEP1-2,trait-SNP,DEP1,9,16415265,-,C,"FanGeng6, 36037-1",,,,
IRRI_SNP1074_STV11,trait-SNP,STV11,11,17985707,A,T,Indicas,,,,
IRRI_SNP1077_XA26_1,trait-SNP,Xa26,11,28246867,-,C,"IR24, IRBB7",,,,
IRRI_SNP1078_XA4_2,trait-SNP,Xa4,11,28704769,G,T,"IRBB60 - IRBB65, IR64",,,,
IRRI_SNP1081_DTY12-1_2,trait-SNP,DTY12.1,12,17396363,A,G,"Way Rarem, IR64",,,,
IRRI_SNP1083_BPH9_2,trait-SNP,Bph9,12,22886030,A,C,Bph9 (Pokkali),,,,
IRRI_SNP1084_PIK_2,trait-SNP,Pik,11,27982800,C,G,"Pi1, Pik, Pikm, Piks, Pikh, Katy",,,,
IRRI_SNP1085_PIKH_2,trait-SNP,Pik,11,27984400,A,G,"Pi7, Pik, Pikp, Leah",,,,
IRRI_SNP1088_PIKH_1,trait-SNP,Pik,11,27987687,C,T,"Pikh, Pi7, Pikp, Leah",,,,
IRRI_SNP1089_PIK_1,trait-SNP,Pik,11,27983500,C,T,"Pi1, Pikm, Piks, Pikh, Katy",,,,
IRRI_SNP1090_XA13_1,trait-SNP,xa13,8,26727222,C,G,"IRBB60, some aus",,,,
IRRI_SNP1091_XA13_2,trait-SNP,xa13,8,26726585,C,T,"IRBB60, some aus",,,,
IRRI_SNP1092_SWEET14_PRO1,trait-SNP,Sweet14,11,18174499,G,C,"Khama 1183, Ejali",,,,
IRRI_SNP1093_SWEET14_2,trait-SNP,Sweet14,11,18179253,G,A,"Khama 1183, Ejali",,,,
IRRI_SNP1095_XA23_2,trait-SNP,Xa23,11,22225882,A,G,IRBB23,,,,
IRRI_SNP1096_PI54_5,trait-SNP,Pi54,11,25263712,A,G,"Tetep, Katy",,,,
IRRI_SNP1099_RF4,trait-SNP,Rf4,10,18836046,C,T,0,,,,
IRRI_SNP1101_WA-CMS,trait-SNP,WA-CMS,mt,0,-,TGTAG,0,,,,
IRRI_SNP1102_MS-IR36,trait-SNP,ms-IR36,2,1076776,G,T,ms-IR36,,,,
IRRI_SNP1105_IRGSP1_C07_16037152,purity-SNP,,7,16037152,A,C,,,,,
IRRI_SNP1106_IRGSP1_C07_19408599,purity-SNP,,7,19408599,A,G,,,,,
IRRI_SNP1109_IRGSP1_C02_4549475,purity-SNP,,2,4549475,A,T,,,,,
IRRI_SNP1114_IRGSP1_C01_22891448,purity-SNP,,1,22891448,C,T,,,,,
IRRI_SNP1115_IRGSP1_C01_23735018,purity-SNP,,1,23735018,A,G,,,,,
IRRI_SNP1116_IRGSP1_C02_23246863,purity-SNP,,2,23246863,C,T,,,,,
IRRI_SNP1118_IRGSP1_C02_34852782,purity-SNP,,2,34852782,C,T,,,,,
IRRI_SNP1119_IRGSP1_C03_7752789,purity-SNP,,3,7752789,A,G,,,,,
IRRI_SNP1120_IRGSP1_C03_14933451,purity-SNP,,3,14933451,A,G,,,,,
IRRI_SNP1121_IRGSP1_C04_602842,purity-SNP,,4,602842,G,T,,,,,
IRRI_SNP1122_IRGSP1_C04_4319691,purity-SNP,,4,4319691,C,T,,,,,
IRRI_SNP1123_IRGSP1_C05_13854594,purity-SNP,,5,13854594,C,T,,,,,
IRRI_SNP1125_IRGSP1_C08_10441781,purity-SNP,,8,10441781,C,T,,,,,
IRRI_SNP1126_IRGSP1_C08_24853648,purity-SNP,,8,24853648,A,G,,,,,
IRRI_SNP1127_IRGSP1_C08_27133000,purity-SNP,,8,27133000,C,T,,,,,
IRRI_SNP1128_IRGSP1_C09_6205891,purity-SNP,,9,6205891,A,G,,,,,
IRRI_SNP1130_IRGSP1_C10_12035291,purity-SNP,,10,12035291,A,G,,,,,
IRRI_SNP1131_IRGSP1_C11_22303236,purity-SNP,,11,22303236,A,G,,,,,
IRRI_SNP1132_IRGSP1_C11_23731426,purity-SNP,,11,23731426,A,G,,,,,
IRRI_SNP1134_IRGSP1_C11_27391141,purity-SNP,,11,27391141,A,T,,,,,
IRRI_SNP1135_IRGSP1_C11_27571141,purity-SNP,,11,27571141,G,T,,,,,
IRRI_SNP1136_IRGSP1_C12_15966147,purity-SNP,,12,15966147,G,T,,,,,
IRRI_SNP3001_MSU7_1_4743599_G-A,trait-SNP,Rf3,1,4743599,G,A,0,,,,
IRRI_SNP3002_MSU7_1_4797026_C-T,trait-SNP,Rf3,1,4797026,C,T,0,,,,
IRRI_SNP3003_MSU7_1_5024823_T-C,trait-SNP,Rf3,1,5024823,T,C,0,,,,
IRRI_SNP3004_Pi35_E1054D,trait-SNP,Pi35,1,33144288,C,A,0,,,,
IRRI_SNP3005_MSU7_1_33144909_T-G,trait-SNP,Pi35,1,33144909,T,G,0,,,,
IRRI_SNP3006_MSU7_1_40072881_A-G,trait-SNP,RYMV2,1,40072881,A,G,0,,,,
IRRI_SNP3007_MSU7_1_40073902_C-A,trait-SNP,RYMV2,1,40073902,C,A,0,,,,
IRRI_SNP3008_tms5-STOP,trait-SNP,tms5,2,6397412,A,C,0,,,,
IRRI_SNP3010_MSU7_2_19365137_C-T,trait-SNP,BEIIb,2,19365137,C,T,0,,,,
IRRI_SNP3011_MSU7_2_19366170_C-A,trait-SNP,BEIIb,2,19366170,C,A,0,,,,
IRRI_SNP3012_MSU7_2_19366631_C-A,trait-SNP,BEIIb,2,19366631,C,A,0,,,,
IRRI_SNP3013_MSU7_3_15421809_C-T,trait-SNP,TT1,3,15421809,C,T,0,,,,
IRRI_SNP3014_MSU7_3_15422542_A-G,trait-SNP,TT1,3,15422542,A,G,0,,,,
IRRI_SNP3015_MSU7_3_15423345_A-G,trait-SNP,TT1,3,15423345,A,G,0,,,,
IRRI_SNP3016_MSU7_3_16734121_C-A,trait-SNP,GS3,3,16734121,C,A,GS3-Med bold,,,,
IRRI_SNP3019_MSU7_3_28093193_A-G,trait-SNP,LOX3,3,28093193,C,T,0,,,,
IRRI_SNP3020_MSU7_3_31512460_T-A,trait-SNP,Hd6a,3,31512460,T,A,0,,,,
IRRI_SNP3021_MSU7_3_36149383_A-G,trait-SNP,GNP1,3,36149383,A,G,0,,,,
IRRI_SNP3022_MSU7_3_36149901_T-A,trait-SNP,GNP1,3,36149901,T,A,0,,,,
IRRI_SNP3023_MSU7_4_19796129_T-C,trait-SNP,pi21,4,19796129,T,C,pi21-03,,,,
IRRI_SNP3024_MSU7_4_19841202_T-C,trait-SNP,pi21,4,19841202,T,C,0,,,,
IRRI_SNP3025_MSU7_4_19841904_T-C,trait-SNP,pi21,4,19841904,T,C,0,,,,
IRRI_SNP3026_MSU7_4_23886659_Indel,trait-SNP,BET1,4,23886659,-,T,0,,,,
IRRI_SNP3027_Chalk5_5.1,trait-SNP,Chalk5,5,3339314,T,G,Type 5,,,,
IRRI_SNP3028_chalk5_576,trait-SNP,Alk,5,3340295,G,A,0,,,,
IRRI_SNP3029_MSU7_5_5360689_T-C,trait-SNP,GW5,5,5360689,T,C,GW5-Jasmine,,,,
IRRI_SNP3030_MSU7_5_18815386_T-C,trait-SNP,NGR5,5,18815386,T,C,0,,,,
IRRI_SNP3031_MSU7_5_18815575_T-C,trait-SNP,NGR5,5,18815575,T,C,0,,,,
IRRI_SNP3032_MSU7_5_18816269_C-T,trait-SNP,NGR5,5,18816269,C,T,0,,,,
IRRI_SNP3034_MSU7_6_1765761_T-G,trait-SNP,Waxy,6,1765761,T,G,Wx(b),,,,
IRRI_SNP3035_MSU7_6_1768795_G-A,trait-SNP,Waxy,6,1768795,G,A,Waxy(a)-Nona,,,,
IRRI_SNP3036_MSU7_6_1770848_C-G,trait-SNP,Waxy,6,1770848,C,G,Waxy(a)-Swarna,,,,
IRRI_SNP3038_MSU7_6_2926913_G-T,trait-SNP,RFT1,6,2926913,G,T,0,,,,
IRRI_SNP3039_MSU7_6_2928178_G-A,trait-SNP,RFT1,6,2928178,G,A,0,,,,
IRRI_SNP3040_MSU7_6_2928343_G-A,trait-SNP,RFT1,6,2928343,G,A,0,,,,
IRRI_SNP3041_MSU7_6_2941965_T-A,trait-SNP,Hd3a,6,2941965,T,A,0,,,,
IRRI_SNP3042_MSU7_6_2942292_A-C,trait-SNP,Hd3a,6,2942292,A,C,0,,,,
IRRI_SNP3043_MSU7_6_5759185_A-T,trait-SNP,S5,6,5759185,A,T,0,,,,
IRRI_SNP3044_MSU7_6_5760052_A-G,trait-SNP,S5,6,5760052,A,G,0,,,,
IRRI_SNP3045_MSU7_6_5760918_C-A,trait-SNP,S5,6,5760918,C,A,0,,,,
IRRI_SNP3046_MSU7_6_5761006_C-T,trait-SNP,S5,6,5761006,C,T,0,,,,
IRRI_SNP3047_MSU7_6_5761511_C-T,trait-SNP,S5,6,5761511,C,T,S5j,,,,
IRRI_SNP3048_MSU7_6_6752756_A-G,trait-SNP,GT,6,6752756,A,G,0,,,,
IRRI_SNP3049_MSU7_6_9325033_C-A,trait-SNP,Hd1,6,9325033,C,A,0,,,,
IRRI_SNP3050_MSU7_6_9338004_Indel,trait-SNP,Hd1,6,9338004,-,TT,0,,,,
IRRI_SNP3051_MSU7_6_9338220_Indel,trait-SNP,Hd1,6,9338220,-,AAAG,0,,,,
IRRI_SNP3052_MSU7_6_10388389_TT-AA,trait-SNP,Pi2/Piz,6,10388389,TT,AA,Pi2-03,,,,
IRRI_SNP3053_MSU7_6_10389352_A-T,trait-SNP,Pi2/Piz,6,10389352,A,T,Pi2-01,,,,
IRRI_SNP3054_MSU7_6_10389633_C-G,trait-SNP,Pi2/Piz,6,10389633,C,G,Pi2-02,,,,
IRRI_SNP3055_MSU7_6_15335402_G-A,trait-SNP,BEIII,6,15335402,G,A,BEIII-Jasmine,,,,
IRRI_SNP3057_MSU7_6_15335573_A-C,trait-SNP,BEIII,6,15335573,A,C,0,,,,
IRRI_SNP3059_MSU7_6_15340178_G-A,trait-SNP,BEIII,6,15340178,G,A,0,,,,
IRRI_SNP3060_MSU7_6_15357538_A-T,trait-SNP,BEIII,6,15357538,A,T,BEIII-Jasmine,,,,
IRRI_SNP3061_MSU7_6_15361336_G-C,trait-SNP,BEIII,6,15361339,G,C,BEIII-Jasmine,,,,
IRRI_SNP3062_MSU7_6_23609519_A-C,trait-SNP,qPSST6,6,23609519,A,C,0,,,,
IRRI_SNP3063_MSU7_6_23609712_G-A,trait-SNP,qPSST6,6,23609712,G,A,0,,,,
IRRI_SNP3064_MSU7_6_27480778_G-C,trait-SNP,SCM2,6,27480778,C,G,0,,,,
IRRI_SNP3065_MSU7_6_30896555_C-T,trait-SNP,BE1,6,30896555,C,T,0,,,,
IRRI_SNP3066_MSU7_6_30899986_T-C,trait-SNP,BE1,6,30899986,T,C,0,,,,
IRRI_SNP3067_MSU7_7_9152479_C-G,trait-SNP,Ghd7,7,9152479,C,G,Ghd7-2,,,,
IRRI_SNP3068_MSU7_7_9154664_A-C,trait-SNP,Ghd7,7,9154664,A,C,Ghd7-0,,,,
IRRI_SNP3069_MSU7_7_12760070_A-C,trait-SNP,OsHP,7,12760070,C,A,0,,,,
IRRI_SNP3070_MSU7_7_24666398_A-G,trait-SNP,SLG7,7,24666398,A,G,0,,,,
IRRI_SNP3071_MSU7_7_24667068_A-G,trait-SNP,SLG7,7,24667068,A,G,0,,,,
IRRI_SNP3072_MSU7_7_28305040_A-G,trait-SNP,FZP,7,28305040,A,G,0,,,,
IRRI_SNP3073_MSU7_7_29617124_T-C,trait-SNP,Hd2,7,29617124,T,C,Hd2-Rc222,,,,
IRRI_SNP3074_MSU7_7_29617554_C-T,trait-SNP,Hd2,7,29617554,C,T,I42T,,,,
IRRI_SNP3075_MSU7_7_29617569_C-G,trait-SNP,Hd2,7,29617569,C,G,R47P,,,,
IRRI_SNP3076_MSU7_7_29623011_C-T,trait-SNP,Hd2,7,29623011,C,T,Hd2-Rc222,,,,
IRRI_SNP3077_MSU7_7_29623803_A-G,trait-SNP,Hd2,7,29623803,A,G,Hd2-2a,,,,
IRRI_SNP3078_MSU7_7_29626599_A-G,trait-SNP,Hd2,7,29626599,A,G,Hd2-IR11A306,,,,
IRRI_SNP3079_MSU7_7_29627021_A-G,trait-SNP,Hd2,7,29627021,A,G,Hd2-Rc222,,,,
IRRI_SNP3080_MSU7_7_29627240_T-G,trait-SNP,Hd2,7,29627240,T,G,Hd2-IR11A306,,,,
IRRI_SNP3081_MSU7_7_29627357_Indel,trait-SNP,Hd2,7,29627357,-,GAACGTTG,Hd2-1a,,,,
IRRI_SNP3082_MSU7_7_29627590_A-C,trait-SNP,Hd2,7,29627590,A,C,Hd2-PR,,,,
IRRI_SNP3083_MSU7_7_29627810_A-G,trait-SNP,Hd2,7,29627810,A,G,Hd2-Moro,,,,
IRRI_SNP3084_MSU7_8_5140824_C-T,trait-SNP,GPT1,8,5140824,C,T,0,,,,
IRRI_SNP3085_MSU7_8_5140870_G-A,trait-SNP,GPT1,8,5140870,G,A,0,,,,
IRRI_SNP3086_MSU7_8_20374951_T-G,trait-SNP,fgr-1,8,20374951,T,G,fgr-1_02,,,,
IRRI_SNP3087_Os08g0424500_BADH2,trait-SNP,fgr-1,8,20382857,TATAT,AAAAGATTATGGC,,,,,
IRRI_SNP3090_MSU7_9_6374718_A-G,trait-SNP,Sub1,9,6374718,A,G,0,,,,
IRRI_SNP3091_MSU7_9_6605118_T-G,trait-SNP,Sub1,9,6605118,T,G,0,,,,
IRRI_SNP3092_MSU7_9_9670039_C-T,trait-SNP,Pii,9,9670039,C,T,Pii-1,,,,
IRRI_SNP3093_MSU7_9_9672424_T-C,trait-SNP,Pii,9,9672424,T,C,Pii-3,,,,
IRRI_SNP3094_MSU7_9_9673187_G-C,trait-SNP,Pii,9,9673187,G,C,Pii-2,,,,
IRRI_SNP3095_MSU7_9_12269980_A-C,trait-SNP,AG1,9,12269980,A,C,0,,,,
IRRI_SNP3096_MSU7_9_12280726_A-G,trait-SNP,AG1,9,12280726,A,G,0,,,,
IRRI_SNP3098_MSU7_9_16767260_T-C,trait-SNP,GS9,9,16767260,T,C,0,,,,
IRRI_SNP3100_MSU7_10_17077589_G-T,trait-SNP,ehd1,10,17077589,C,T,0,,,,
IRRI_SNP3101_MSU7_10_18834021_G-A,trait-SNP,Rf4,10,18834021,G,A,0,,,,
IRRI_SNP3102_MSU7_10_18835815_C-A,trait-SNP,Rf4,10,18835815,C,A,0,,,,
IRRI_SNP3103_MSU7_10_19330765_T-C,trait-SNP,qCST10,10,19330765,T,C,0,,,,
IRRI_SNP3105_MSU7_10_19463063_C-T,trait-SNP,GFR1,10,19463063,C,T,0,,,,
IRRI_SNP3106_MSU7_10_19463253_T-C,trait-SNP,GFR1,10,19463253,T,C,0,,,,
IRRI_SNP3107_MSU7_10_19463411_C-T,trait-SNP,GFR1,10,19463411,C,T,0,,,,
IRRI_SNP3108_MSU7_12_10833409_C-T,trait-SNP,Ptr,11,10833409,C,T,0,,,,
IRRI_SNP3109_MSU7_11_26377995_C-T,trait-SNP,RYMV3,11,26377995,C,T,0,,,,
IRRI_SNP3110_MSU7_11_26378164_C-G,trait-SNP,RYMV3,11,26378164,C,G,0,,,,
IRRI_SNP3111_MSU7_11_27975815_TA-CG,trait-SNP,Pik,11,27975815,TA,CG,0,,,,
IRRI_SNP3112_MSU7_11_27977546_T-G,trait-SNP,Pik,11,27977546,T,G,0,,,,
IRRI_SNP3113_MSU7_11_27979080_G-T,trait-SNP,Pik,11,27979080,G,T,0,,,,
IRRI_SNP3114_MSU7_11_27979787_C-T,trait-SNP,Pik,11,27979787,C,T,0,,,,
IRRI_SNP3115_MSU7_11_27980276_C-G,trait-SNP,Pik,11,27980276,C,G,0,,,,
IRRI_SNP3116_MSU7_11_27980673_C-T,trait-SNP,Pik,11,27980673,C,T,0,,,,
IRRI_SNP3117_MSU7_11_27981906_C-T,trait-SNP,Pik,11,27981906,C,T,0,,,,
IRRI_SNP3118_MSU7_11_27982970_C-G,trait-SNP,Pik,11,27982970,C,G,0,,,,
IRRI_SNP3121_MSU7_11_27985429_TT-GC,trait-SNP,Pik,11,27985429,TT,GC,0,,,,
IRRI_SNP3122_MSU7_12_10607554_C-A,trait-SNP,Pita,12,10607554,C,A,0,,,,
IRRI_SNP3123_MSU7_12_10830674_G-A,trait-SNP,Ptr,12,10830674,G,A,0,,,,
IRRI_SNP3124_MSU7_12_10833370_T-A,trait-SNP,Ptr,12,10833370,G,A,0,,,,
IRRI_SNP3125_MSU7_12_10833386_TG-AA,trait-SNP,Ptr,12,10833386,G,A,0,,,,
IRRI_SNP3126_MSU7_12_10833409_C-T,trait-SNP,Ptr,11,10833409,C,T,0,,,,
IRRI_SNP3128_MSU7_12_22885896_T-C,trait-SNP,Bph9,12,22885896,T,C,0,,,,
IRRI_SNP3129_MSU7_9_16308325_Indel,trait-SNP,Dro1,9,16308325,TC,-,0,,,,
IRRI_SNP3130_MSU7_7_25310132_T-C,trait-SNP,qSOR1,7,25310132,T,C,0,,,,
IRRI_SNP3131_MSU7_11_25264164_C-T,trait-SNP,Pi54,11,25264164,C,T,0,,,,
IRRI_SNP3132_MSU7_11_22225387_T-A,trait-SNP,Xa23,11,22225387,T,A,0,,,,
IRRI_SNP3133_MSU7_11_22141523_A-G,trait-SNP,Xa23,11,22141523,A,G,0,,,,
